sdate,line_t,line_tmq,line_tvza,line_tvaa,line_tm2,line_QFDNB,line_tm_buf
735235,460,0,4541,9646,1,0,1
735236,65535,255,6131,9413,0,0,0
735237,65535,255,6235,-7290,0,0,0
735238,216,0,2439,-7804,1,0,1
735239,110,2,876,9645,1,0,1
735240,565,0,3820,9670,1,0,1
735241,65535,255,5688,9498,0,0,0
735242,65535,255,6584,-7199,0,0,0
735243,65535,255,3342,-7702,0,0,0
735244,65535,255,262,-7788,0,0,0
735245,268,0,2972,9742,1,0,1
735246,731,0,5175,9533,1,0,1
735247,513,2,6525,9341,1,0,1
735248,845,2,5819,-7400,1,0,0
735249,172,0,1378,-7967,1,0,1
735250,65535,255,1989,9922,0,0,0
735251,622,0,4558,9613,1,0,1
735252,679,0,6140,9393,1,0,1
735253,611,0,6229,-7269,1,0,1
735254,265,0,2429,-7713,1,0,0
735255,137,2,874,9986,1,0,1
735256,536,0,3815,9734,1,0,1
735257,396,0,5686,9463,1,0,1
735258,65535,255,6585,-7195,0,0,0
735259,219,0,3360,-7754,1,0,1
735260,264,0,285,-8384,1,0,1
735261,65535,255,2944,9766,0,0,0
735262,711,0,5155,9556,1,0,1
735263,65535,255,6513,9303,0,0,0
735264,465,0,5833,-7346,1,0,0
735265,65535,255,1423,-7773,0,0,0
735266,134,2,1941,9809,1,0,1
735267,453,0,4524,9679,1,0,1
735268,698,0,6121,9377,1,0,1
735269,845,0,6244,-7282,1,0,1
735270,65535,255,2469,-7698,0,0,0
735271,229,0,828,9991,1,0,1
735272,257,0,3780,9738,1,0,1
735273,629,0,5666,9471,1,0,1
735274,599,0,6598,-7177,1,0,1
735275,487,0,3385,-7652,1,0,1
735276,426,0,327,-7310,1,0,1
735277,377,0,2907,9834,1,0,1
735278,65535,255,5132,9590,0,0,0
735279,65535,255,6499,9330,0,0,0
735280,65535,255,5849,-7381,0,0,0
735281,381,0,1462,-7962,1,0,1
735282,268,0,1908,9741,1,0,1
735283,619,0,4501,9663,1,0,0
735284,511,0,6103,9431,1,0,1
735285,843,0,6255,-7288,1,0,1
735286,65535,255,2498,-7709,0,0,0
735287,270,0,794,10036,1,0,1
735288,706,0,3756,9764,1,0,1
735289,356,0,5647,9483,1,0,0
735290,65535,255,6607,-7187,0,0,0
735291,665,0,5388,-7481,1,0,0
735292,65535,255,368,-7292,0,0,0
735293,514,0,2879,9815,1,0,1
735294,373,0,5110,9578,1,0,1
735295,187,0,6485,9319,1,0,0
735296,65535,255,5861,-7365,0,0,0
735297,65535,255,1495,-7884,0,0,0
735298,225,0,1864,9900,1,0,1
735299,311,0,4478,9610,1,0,1
735300,926,0,6090,9398,1,0,1
735301,65535,255,6266,-7273,0,0,0
735302,417,0,2533,-7769,1,0,1
735303,297,0,754,10218,1,0,1
735304,65535,255,3725,9732,0,0,0
735305,65535,255,5632,9499,0,0,0
735306,65535,255,6618,-7198,0,0,0
735307,556,0,5405,-7434,1,0,1
735308,65535,255,401,-8004,0,0,0
735309,261,0,2851,9740,1,0,1
735310,528,0,5093,9554,1,0,1
735311,65535,255,6475,9307,0,0,0
735312,65535,255,5876,-7354,0,0,0
735313,364,0,1528,-7902,1,0,1
735314,65535,255,1836,9939,0,0,0
735315,343,0,4458,9637,1,0,1
735316,349,0,6077,9421,1,0,1
735317,645,0,6278,-7293,1,0,1
735318,181,0,2558,-7692,1,0,0
735319,218,0,724,10047,1,0,0
735320,327,0,3708,9761,1,0,1
735321,542,0,5622,9492,1,0,1
735322,1428,1,6625,-7196,1,0,1
735323,65535,255,5416,-7437,0,0,0
735324,65535,255,430,-8306,0,0,0
735325,243,0,2827,9808,1,0,1
735326,389,0,5082,9592,1,0,1
735327,287,0,6467,9338,1,0,1
735328,683,0,5883,-7358,1,0,1
735329,629,0,1545,-7837,1,0,1
735330,65535,255,1820,9922,0,0,0
735331,178,0,4447,9639,1,0,1
735332,698,0,6072,9430,1,0,1
735333,494,0,6284,-7248,1,0,1
735334,226,0,2572,-7766,1,0,0
735335,298,0,713,9724,1,0,1
735336,347,0,3700,9722,1,0,1
735337,410,0,5616,9480,1,0,1
735338,65535,255,6630,-7188,0,0,0
735339,861,0,5423,-7436,1,0,1
735340,562,0,436,-7464,1,0,1
735341,324,0,2818,9887,1,0,1
735342,65535,255,5081,9557,0,0,0
735343,1227,0,6467,9324,1,0,1
735344,1068,0,5888,-7372,1,0,1
735345,65535,255,1556,-7835,0,0,0
735346,208,0,1814,9942,1,0,1
735347,687,0,4447,9664,1,0,0
735348,65535,255,6074,9390,0,0,0
735349,372,0,6286,-7265,1,0,1
735350,606,0,2572,-7692,1,0,1
735351,354,0,707,10242,1,0,1
735352,207,0,3699,9699,1,0,1
735353,814,0,5618,9475,1,0,1
735354,857,0,6631,-7181,1,0,1
735355,396,0,5426,-7436,1,0,1
735356,372,0,435,-7770,1,0,1
735357,232,0,2822,9776,1,0,1
735358,491,0,5081,9599,1,0,0
735359,503,0,6468,9342,1,0,1
735360,65535,255,5888,-7352,0,0,0
735361,159,0,1550,-7795,1,0,1
735362,65535,255,1819,9960,0,0,0
735363,303,0,4450,9684,1,0,1
735364,325,0,6076,9410,1,0,1
735365,1029,0,6284,-7288,1,0,1
735366,453,0,2567,-7816,1,0,1
735367,261,0,718,10098,1,0,1
735368,239,0,3707,9698,1,0,1
735369,881,0,5623,9484,1,0,1
735370,601,0,6629,-7188,1,0,0
735371,65535,255,5420,-7456,0,0,0
735372,340,0,425,-8467,1,0,1
735373,208,0,2836,9732,1,0,1
735374,297,0,5089,9587,1,0,1
735375,547,0,6473,9337,1,0,1
735376,740,0,5881,-7353,1,0,1
735377,208,0,1534,-7923,1,0,1
735378,65535,255,1841,9832,0,0,0
735379,65535,255,4463,9651,0,0,0
735380,443,0,6085,9397,1,0,1
735381,908,0,6277,-7275,1,0,1
735382,375,0,2548,-7830,1,0,1
735383,234,0,742,10227,1,0,1
735384,267,0,3723,9745,1,0,1
735385,335,0,5631,9519,1,0,1
735386,375,0,6620,-7164,1,0,1
735387,453,0,5407,-7430,1,0,1
735388,464,0,396,-8426,1,0,1
735389,246,0,2860,9741,1,0,1
735390,460,0,5103,9601,1,0,1
735391,410,0,6483,9321,1,0,1
735392,567,0,5870,-7372,1,0,1
735393,65535,255,1501,-7753,0,0,0
735394,310,0,1869,9989,1,0,1
735395,635,0,4484,9623,1,0,1
735396,308,0,6096,9387,1,0,1
735397,698,0,6265,-7266,1,0,1
735398,541,0,2518,-7846,1,0,1
735399,409,0,783,9660,1,0,1
735400,413,0,3747,9774,1,0,1
735401,501,0,5647,9475,1,0,1
735402,305,0,6610,-7183,1,0,1
735403,529,0,5391,-7466,1,0,1
735404,65535,255,354,-7831,0,0,1
735405,264,0,2888,9859,1,0,1
735406,966,0,5124,9583,1,0,1
735407,395,0,6495,9312,1,0,1
735408,65535,255,5852,-7362,0,0,0
735409,497,0,1457,-7772,1,0,1
735410,263,0,1908,9760,1,0,1
735411,936,0,4508,9645,1,0,1
735412,65535,255,6109,9407,0,0,0
735413,65535,255,6250,-7284,0,0,0
735414,510,0,2478,-7748,1,0,1
735415,258,0,822,10033,1,0,1
735416,350,0,3780,9731,1,0,1
735417,868,0,5667,9458,1,0,0
735418,65535,255,6595,-7170,0,0,0
735419,398,0,5369,-7455,1,0,1
735420,228,0,307,-7925,1,0,1
735421,355,0,2928,9807,1,0,1
735422,402,0,5146,9543,1,0,1
735423,65535,255,6508,9329,0,0,0
735424,535,0,5834,-7383,1,0,1
735425,65535,255,1418,-7938,0,0,0
735426,355,0,1952,9912,1,0,1
735427,369,0,4535,9611,1,0,1
735428,65535,255,6128,9392,0,0,0
735429,65535,255,6232,-7269,0,0,0
735430,448,0,2434,-7724,1,0,1
735431,318,0,875,9875,1,0,1
735432,775,0,3812,9696,1,0,1
735433,794,0,5682,9501,1,0,1
735434,895,0,6583,-7200,1,0,1
735435,262,0,5352,-7418,1,0,1
735436,393,0,287,-8232,1,0,1
735437,65535,255,2945,9778,0,0,0
735438,65535,255,5153,9548,0,0,0
735439,791,0,6510,9346,1,0,1
735440,979,0,5831,-7385,1,0,1
735441,65535,255,1423,-7984,0,0,0
735442,65535,255,1941,9930,0,0,0
735443,268,0,4525,9612,1,0,1
735444,545,0,6120,9390,1,0,1
735445,1091,0,6240,-7267,1,0,0
735446,31,2,2464,-7684,1,0,1
735447,377,0,834,9913,1,0,1
735448,318,0,3784,9707,1,0,1
735449,452,0,5667,9490,1,0,1
735450,65535,255,6595,-7210,0,0,0
735451,65535,255,5370,-7440,0,0,0
735452,612,0,319,-7817,1,0,1
735453,412,0,2911,9867,1,0,1
735454,369,0,5135,9597,1,0,1
735455,278,0,6500,9328,1,0,1
735456,1148,0,5845,-7380,1,0,1
735457,455,0,1451,-7933,1,0,1
735458,252,0,1913,9916,1,0,1
735459,235,0,4508,9614,1,0,1
735460,319,0,6109,9396,1,0,1
735461,888,0,6252,-7273,1,0,1
735462,153,2,2493,-7747,1,0,0
735463,174,0,805,10120,1,0,1
735464,321,0,3764,9765,1,0,1
735465,65535,255,5656,9483,0,0,0
735466,65535,255,6605,-7188,0,0,0
735467,65535,255,5383,-7430,0,0,0
735468,265,0,349,-7542,1,0,1
735469,227,0,2892,9848,1,0,1
735470,427,0,5123,9599,1,0,1
735471,1099,0,6494,9336,1,0,1
735472,1125,0,5856,-7387,1,0,1
735473,428,0,1474,-7708,1,0,1
735474,225,0,1891,9778,1,0,1
735475,65535,255,4494,9672,0,0,0
735476,853,2,6103,9399,1,0,1
735477,391,0,6261,-7252,1,0,1
735478,65535,255,2508,-7720,0,0,0
735479,527,0,788,10125,1,0,1
735480,457,0,3751,9774,1,0,1
735481,307,0,5648,9494,1,0,1
735482,65535,255,6611,-7196,0,0,1
735483,165,0,5393,-7431,1,0,1
735484,368,0,366,-8193,1,0,1
735485,348,0,2883,9773,1,0,1
735486,259,0,5117,9569,1,0,1
735487,592,0,6490,9321,1,0,1
735488,588,2,5862,-7368,1,0,1
735489,333,0,1489,-7910,1,0,1
735490,65535,255,1880,9779,0,0,0
735491,279,0,4487,9680,1,0,1
735492,362,0,6099,9387,1,0,1
735493,564,0,6264,-7266,1,0,1
735494,313,0,2518,-7795,1,0,1
735495,92,2,777,9743,1,0,1
735496,445,0,3747,9719,1,0,1
735497,451,0,5646,9472,1,0,1
735498,431,0,6613,-7178,1,0,1
735499,304,0,5396,-7416,1,0,1
735500,412,0,372,-8191,1,0,1
735501,619,0,2878,9795,1,0,1
735502,1342,1,5115,9590,1,0,1
735503,65535,255,6488,9338,0,0,1
735504,359,0,5865,-7389,1,0,1
735505,463,0,1490,-7862,1,0,1
735506,129,0,1874,9937,1,0,1
735507,618,0,4487,9655,1,0,1
735508,469,0,6098,9399,1,0,1
735509,616,0,6263,-7254,1,0,1
735510,331,0,2518,-7808,1,0,1
735511,401,0,782,9871,1,0,1
735512,305,0,3747,9751,1,0,0
735513,1020,0,5646,9499,1,0,1
735514,957,0,6611,-7199,1,0,1
735515,880,0,5393,-7454,1,0,1
735516,257,0,366,-7740,1,0,1
735517,654,0,2884,9762,1,0,1
735518,589,2,5115,9585,1,0,1
735519,823,0,6489,9341,1,0,1
735520,796,0,5859,-7361,1,0,1
735521,210,0,1485,-7971,1,0,1
735522,188,2,1886,9797,1,0,1
735523,443,0,4494,9610,1,0,1
735524,237,0,6100,9419,1,0,1
735525,684,0,6259,-7296,1,0,1
735526,383,0,2503,-7808,1,0,1
735527,524,0,794,9998,1,0,1
735528,254,0,3760,9663,1,0,1
735529,663,0,5652,9462,1,0,1
735530,705,0,6605,-7173,1,0,1
735531,1046,0,5383,-7427,1,0,1
735532,618,0,343,-7633,1,0,1
735533,488,0,2898,9773,1,0,1
735534,323,0,5124,9599,1,0,1
735535,357,0,6496,9309,1,0,0
735536,852,0,5850,-7357,1,0,1
735537,261,0,1457,-7863,1,0,1
735538,367,0,1914,9761,1,0,1
735539,364,0,4508,9615,1,0,1
735540,526,0,6110,9432,1,0,1
735541,517,2,6248,-7257,1,0,1
735542,293,0,2474,-7708,1,0,1
735543,102,2,823,9754,1,0,1
735544,65535,255,3780,9772,0,0,0
735545,65535,255,5665,9460,0,0,0
735546,65535,255,6593,-7172,0,0,0
735547,65535,255,5367,-7439,0,0,0
735548,507,0,310,-8560,1,0,1
735549,587,0,2931,9738,1,0,1
735550,530,0,5144,9596,1,0,1
735551,969,0,6509,9317,1,0,1
735552,686,0,5834,-7368,1,0,1
735553,351,0,1412,-7701,1,0,1
735554,534,0,1952,9964,1,0,1
735555,421,0,4536,9612,1,0,1
735556,627,0,6129,9383,1,0,1
735557,830,0,6232,-7263,1,0,1
735558,595,0,2439,-7722,1,0,1
735559,512,0,864,9799,1,0,1
735560,209,0,3800,9762,1,0,1
735561,65535,255,5677,9459,0,0,0
735562,65535,255,6587,-7193,0,0,0
735563,224,0,5359,-7425,1,0,1
735564,319,0,302,-8141,1,0,1
735565,360,2,2930,9845,1,0,1
735566,394,0,5144,9566,1,0,1
735567,1027,0,6506,9345,1,0,1
735568,648,0,5837,-7363,1,0,1
735569,65535,255,1434,-7840,0,0,0
735570,65535,255,1930,9780,0,0,0
735571,65535,255,4518,9634,0,0,0
735572,65535,255,6116,9389,0,0,0
735573,65535,255,6246,-7264,0,0,0
735574,65535,255,2478,-7823,0,0,0
735575,65535,255,817,10200,0,0,0
735576,290,0,3775,9742,1,0,1
735577,540,0,5662,9457,1,0,0
735578,65535,255,6598,-7167,0,0,0
735579,65535,255,5375,-7442,0,0,0
735580,65535,255,333,-7326,0,0,0
735581,167,2,2902,9805,1,0,1
735582,65535,255,5129,9558,0,0,0
735583,583,0,6497,9351,1,0,1
735584,875,0,5849,-7343,1,0,1
735585,393,0,1462,-7952,1,0,1
735586,326,0,1902,9971,1,0,1
735587,343,0,4504,9623,1,0,1
735588,489,0,6107,9399,1,0,0
735589,417,0,6255,-7273,1,0,1
735590,519,0,2493,-7732,1,0,1
735591,232,0,799,10041,1,0,1
735592,65535,255,3763,9743,0,0,0
735593,65535,255,5656,9468,0,0,0
735594,65535,255,6604,-7172,0,0,0
735595,559,0,5385,-7464,1,0,1
735596,65535,255,349,-8396,0,0,0
735597,281,0,2897,9774,1,0,1
735598,65535,255,5126,9564,0,0,0
735599,65535,255,6496,9308,0,0,0
735600,974,2,5854,-7355,1,0,0
735601,378,0,1468,-7838,1,0,1
735602,65535,255,1896,9868,0,0,1
735603,315,0,4501,9605,1,0,1
735604,539,2,6106,9396,1,0,1
735605,623,2,6257,-7269,1,0,1
735606,550,0,2498,-7782,1,0,1
735607,121,0,801,9625,1,0,1
735608,65535,255,3764,9688,0,0,0
735609,455,0,5653,9518,1,0,0
735610,881,0,6606,-7195,1,0,1
735611,65535,255,5385,-7454,0,0,0
735612,65535,255,345,-7250,0,0,0
735613,516,0,2897,9839,1,0,1
735614,374,0,5126,9601,1,0,1
735615,65535,255,6496,9342,0,0,0
735616,786,0,5851,-7334,1,0,0
735617,398,0,1462,-7838,1,0,1
735618,65535,255,1907,9902,0,0,0
735619,65535,255,4508,9629,0,0,0
735620,65535,255,6108,9415,0,0,0
735621,65535,255,6255,-7288,0,0,0
735622,219,0,2493,-7770,1,0,1
735623,341,0,805,10164,1,0,1
735624,214,0,3763,9759,1,0,1
735625,470,0,5656,9477,1,0,1
735626,65535,255,6604,-7182,0,0,0
735627,445,0,5382,-7474,1,0,0
735628,438,0,344,-8500,1,0,1
735629,65535,255,2897,9774,0,0,0
735630,65535,255,5126,9559,0,0,0
735631,65535,255,6496,9312,0,0,0
735632,65535,255,5851,-7351,0,0,0
735633,154,0,1463,-7792,1,0,1
735634,65535,255,1902,9920,0,0,0
735635,670,2,4504,9623,1,0,1
735636,532,0,6107,9403,1,0,1
735637,556,0,6255,-7280,1,0,1
735638,275,0,2493,-7795,1,0,1
735639,257,0,806,9710,1,0,1
735640,625,0,3767,9696,1,0,1
735641,535,0,5656,9518,1,0,1
735642,65535,255,6601,-7184,0,0,0
735643,65535,255,5380,-7459,0,0,0
735644,322,0,339,-7237,1,0,1
735645,312,0,2902,9838,1,0,1
735646,518,0,5129,9600,1,0,1
735647,65535,255,6498,9341,0,0,1
735648,390,0,5847,-7348,1,0,1
735649,235,0,1452,-7815,1,0,1
735650,65535,255,1913,9902,0,0,0
735651,422,0,4511,9629,1,0,1
735652,765,0,6112,9422,1,0,1
735653,65535,255,6250,-7296,0,0,1
735654,282,0,2478,-7732,1,0,1
735655,458,0,823,10239,1,0,1
735656,400,0,3780,9695,1,0,0
735657,597,0,5665,9467,1,0,1
735658,785,0,6595,-7173,1,0,1
735659,867,0,5367,-7417,1,0,1
735660,482,0,316,-8653,1,0,1
735661,129,0,2921,9848,1,0,1
735662,418,0,5144,9547,1,0,1
735663,329,0,6507,9319,1,0,1
735664,643,0,5836,-7370,1,0,1
735665,205,0,1423,-7864,1,0,1
735666,65535,255,1941,9961,0,0,0
735667,497,0,4530,9640,1,0,1
735668,578,0,6124,9412,1,0,1
735669,186,0,6236,-7291,1,0,0
735670,207,0,2444,-7720,1,0,1
735671,65535,255,852,10073,0,0,0
735672,825,1,3796,9764,1,0,1
735673,491,0,5672,9488,1,0,1
735674,222,0,6590,-7184,1,0,1
735675,361,0,5362,-7418,1,0,1
735676,104,0,314,-7711,1,0,1
735677,65535,255,2922,9730,0,0,0
735678,576,0,5136,9548,1,0,1
735679,973,1,6501,9307,1,0,1
735680,715,1,5843,-7347,1,0,1
735681,246,0,1457,-7930,1,0,1
735682,162,0,1902,9972,1,0,1
735683,607,0,4501,9662,1,0,1
735684,490,0,6104,9409,1,0,1
735685,937,0,6252,-7253,1,0,1
735686,65535,255,2503,-7793,0,0,0
735687,429,0,794,9833,1,0,1
735688,371,0,3752,9746,1,0,1
735689,561,0,5647,9492,1,0,1
735690,1001,0,6607,-7193,1,0,1
735691,501,0,5389,-7442,1,0,1
735692,431,0,366,-7646,1,0,1
735693,293,0,2874,9755,1,0,1
735694,601,0,5110,9583,1,0,1
735695,383,0,6484,9346,1,0,1
735696,380,0,5863,-7331,1,0,1
735697,484,0,1502,-8010,1,0,1
735698,324,0,1863,9853,1,0,1
735699,343,0,4477,9633,1,0,1
735700,65535,255,6090,9439,0,0,0
735701,1007,0,6268,-7254,1,0,1
735702,437,0,4855,-7552,1,0,1
735703,65535,255,755,9609,0,0,0
735704,242,0,3728,9732,1,0,1
735705,433,0,5632,9504,1,0,0
735706,65535,255,6619,-7200,0,0,0
735707,661,0,5407,-7473,1,0,1
735708,265,0,401,-7505,1,0,1
735709,282,0,2850,9768,1,0,1
735710,729,0,5096,9588,1,0,1
735711,65535,255,6476,9323,0,0,0
735712,585,0,5875,-7367,1,0,1
735713,65535,255,1524,-7685,0,0,0
735714,333,0,1842,9926,1,0,1
735715,65535,255,4464,9686,0,0,1
735716,518,0,6083,9425,1,0,1
735717,639,0,6275,-7267,1,0,1
735718,617,0,4864,-7551,1,0,1
735719,240,0,736,9917,1,0,1
735720,284,0,3720,9685,1,0,1
735721,619,0,5628,9492,1,0,1
735722,379,0,6624,-7192,1,0,1
735723,378,0,5413,-7434,1,0,1
735724,65535,255,412,-8081,0,0,0
735725,428,0,2841,9878,1,0,1
735726,65535,255,5092,9591,0,0,0
735727,313,0,6474,9316,1,0,1
735728,628,0,5879,-7362,1,0,1
735729,65535,255,1529,-7770,0,0,0
735730,363,0,1841,9755,1,0,1
735731,679,0,4464,9642,1,0,1
735732,646,0,6083,9405,1,0,1
735733,465,0,6278,-7281,1,0,1
735734,623,0,4866,-7539,1,0,1
735735,215,0,735,10009,1,0,1
735736,797,0,3720,9733,1,0,1
735737,482,0,5626,9502,1,0,1
735738,835,0,6622,-7169,1,0,1
735739,693,0,5412,-7453,1,0,1
735740,167,0,412,-7998,1,0,0
735741,273,0,2846,9759,1,0,1
735742,687,0,5096,9556,1,0,1
735743,501,0,6475,9341,1,0,1
735744,1098,0,5874,-7328,1,0,1
735745,359,0,1523,-7969,1,0,1
735746,65535,255,1847,9997,0,0,0
735747,65535,255,4470,9641,0,0,0
735748,287,0,6085,9413,1,0,1
735749,658,0,6273,-7286,1,0,1
735750,65535,255,4861,-7562,0,0,0
735751,276,0,754,9653,1,0,1
735752,169,0,3728,9676,1,0,1
735753,581,0,5634,9509,1,0,1
735754,305,0,6619,-7203,1,0,1
735755,65535,255,5404,-7440,0,0,0
735756,309,0,395,-8086,1,0,1
735757,319,0,2860,9745,1,0,1
735758,667,0,5104,9553,1,0,1
735759,693,0,6481,9358,1,0,1
735760,727,0,5868,-7350,1,0,1
735761,517,0,1501,-7857,1,0,1
735762,276,0,1864,9888,1,0,1
735763,610,0,4481,9615,1,0,1
735764,842,0,6094,9403,1,0,1
735765,772,0,6265,-7276,1,0,1
735766,273,0,4849,-7552,1,0,1
735767,143,0,771,9747,1,0,1
735768,420,0,3744,9707,1,0,1
735769,592,0,5643,9468,1,0,1
735770,405,0,6610,-7168,1,0,1
735771,558,0,5394,-7470,1,0,1
735772,346,0,366,-7556,1,0,1
735773,488,0,2878,9875,1,0,1
735774,779,2,5118,9536,1,0,1
735775,242,0,6488,9352,1,0,1
735776,65535,255,5857,-7340,0,0,0
735777,273,0,1473,-7860,1,0,1
735778,349,0,1891,9921,1,0,1
735779,388,0,4498,9632,1,0,1
735780,65535,255,6103,9421,0,0,0
735781,65535,255,6256,-7293,0,0,0
735782,661,0,4829,-7538,1,0,1
735783,65535,255,794,9917,0,0,0
735784,65535,255,3760,9682,0,0,0
735785,73,2,5650,9479,1,0,1
735786,65535,255,6604,-7183,0,0,0
735787,502,2,5386,-7457,1,0,1
735788,214,0,356,-7268,1,0,0
735789,74,2,2888,9766,1,0,1
735790,475,0,5120,9548,1,0,0
735791,296,0,6491,9324,1,0,1
735792,49,2,5855,-7370,1,0,1
735793,317,0,1474,-7725,1,0,1
735794,213,0,1885,9956,1,0,1
735795,364,0,4495,9601,1,0,1
735796,637,0,6099,9434,1,0,1
735797,1105,1,6256,-7252,1,0,1
735798,267,0,4837,-7565,1,0,1
735799,459,0,788,10044,1,0,1
735800,462,0,3752,9714,1,0,1
735801,698,0,5647,9506,1,0,1
735802,65535,255,6607,-7202,0,0,0
735803,65535,255,5386,-7414,0,0,1
735804,65535,255,360,-8194,0,0,0
735805,682,0,2884,9885,1,0,1
735806,431,0,5116,9593,1,0,1
735807,247,0,6490,9314,1,0,1
735808,447,2,5857,-7361,1,0,1
735809,431,0,1474,-7704,1,0,1
735810,265,2,1875,10009,1,0,0
735811,676,0,4494,9630,1,0,1
735812,192,2,6103,9395,1,0,1
735813,514,0,6255,-7281,1,0,0
735814,774,0,4825,-7535,1,0,1
735815,260,0,828,9916,1,0,1
735816,451,0,3788,9709,1,0,1
735817,557,0,5674,9509,1,0,1
735818,370,0,6591,-7213,1,0,1
735819,65535,255,5356,-7440,0,0,0
735820,454,0,286,-8500,1,0,1
735821,207,0,2940,9866,1,0,1
735822,358,0,5153,9571,1,0,1
735823,225,0,6510,9345,1,0,1
735824,606,0,5831,-7359,1,0,1
735825,306,0,1417,-7770,1,0,1
735826,65535,255,1941,9966,0,0,0
735827,46,2,4528,9602,1,0,1
735828,317,0,6120,9423,1,0,1
735829,646,0,6241,-7299,1,0,1
735830,421,0,4810,-7543,1,0,1
735831,430,0,841,9719,1,0,1
735832,257,0,3783,9764,1,0,1
735833,65535,255,5669,9456,0,0,0
735834,65535,255,6594,-7188,0,0,0
735835,505,0,5369,-7428,1,0,1
735836,403,0,319,-8233,1,0,1
735837,668,0,2916,9869,1,0,1
735838,276,0,5135,9579,1,0,1
735839,65535,255,6502,9334,0,0,1
735840,755,2,5844,-7344,1,0,1
735841,65535,255,1451,-7908,0,0,0
735842,234,0,1913,9832,1,0,1
735843,613,0,4511,9654,1,0,1
735844,65535,255,6110,9406,0,0,1
735845,65535,255,6252,-7278,0,0,1
735846,669,0,4824,-7524,1,0,1
735847,348,0,812,9711,1,0,1
735848,544,0,3767,9775,1,0,1
735849,713,0,5659,9472,1,0,1
735850,731,0,6602,-7176,1,0,1
735851,687,0,5382,-7455,1,0,1
735852,311,0,354,-7738,1,0,1
735853,253,0,2888,9771,1,0,1
735854,565,0,5121,9593,1,0,1
735855,498,0,6492,9345,1,0,1
735856,678,0,5858,-7345,1,0,1
735857,273,0,1474,-7731,1,0,1
735858,207,0,1891,9899,1,0,1
735859,708,0,4497,9658,1,0,1
735860,581,0,6104,9392,1,0,1
735861,630,0,6260,-7272,1,0,1
735862,487,0,4838,-7550,1,0,1
735863,208,0,794,9787,1,0,1
735864,571,2,3759,9764,1,0,1
735865,401,2,5652,9487,1,0,1
735866,65535,255,6608,-7196,0,0,1
735867,377,2,5387,-7418,1,0,1
735868,88,0,354,-8109,1,0,1
735869,65535,255,2893,9847,0,0,0
735870,865,0,5126,9561,1,0,1
735871,305,0,6494,9332,1,0,1
735872,820,0,5856,-7384,1,0,1
735873,611,0,1474,-7775,1,0,1
735874,478,0,1886,10004,1,0,1
735875,982,0,4494,9621,1,0,1
735876,727,0,6100,9385,1,0,1
735877,653,0,6263,-7259,1,0,1
735878,529,0,4843,-7497,1,0,1
735879,65535,255,771,10215,0,0,0
735880,617,0,3740,9759,1,0,1
735881,466,0,5639,9481,1,0,1
735882,65535,255,6615,-7182,0,0,0
735883,65535,255,5402,-7469,0,0,0
735884,252,0,394,-8008,1,0,1
735885,306,0,2855,9873,1,0,1
735886,453,0,5098,9596,1,0,1
735887,714,0,6474,9346,1,0,1
735888,375,0,5879,-7342,1,0,0
735889,65535,255,1523,-7973,0,0,0
735890,65535,255,1852,9933,0,0,0
735891,315,0,4474,9600,1,0,1
735892,538,0,6090,9382,1,0,1
735893,556,0,6271,-7266,1,0,1
735894,321,0,4852,-7512,1,0,1
735895,234,0,770,9823,1,0,1
735896,393,0,3748,9689,1,0,1
735897,397,0,5644,9507,1,0,1
735898,798,0,6611,-7212,1,0,1
735899,741,0,5389,-7442,1,0,1
735900,500,0,348,-7927,1,0,1
735901,384,0,2897,9723,1,0,1
735902,347,0,5127,9582,1,0,1
735903,296,0,6495,9306,1,0,1
735904,565,0,5852,-7355,1,0,1
735905,388,0,1469,-8002,1,0,1
735906,301,0,1896,9912,1,0,1
735907,507,0,4499,9646,1,0,1
735908,644,0,6103,9428,1,0,1
735909,579,0,6258,-7303,1,0,1
735910,600,0,4835,-7569,1,0,1
735911,403,0,793,10120,1,0,1
735912,369,0,3756,9736,1,0,1
735913,685,0,5651,9456,1,0,1
735914,65535,255,6606,-7184,0,0,0
735915,894,0,5386,-7452,1,0,1
735916,407,0,366,-8022,1,0,1
735917,304,0,2878,9720,1,0,1
735918,349,0,5112,9534,1,0,1
735919,435,0,6485,9317,1,0,1
735920,65535,255,5865,-7372,0,0,0
735921,316,0,1496,-7761,1,0,0
735922,231,0,1864,9822,1,0,1
735923,381,0,4478,9619,1,0,1
735924,546,0,6090,9386,1,0,1
735925,65535,255,6270,-7266,0,0,0
735926,65535,255,4855,-7537,0,0,0
735927,190,0,754,9640,1,0,1
735928,65535,255,3728,9696,0,0,0
735929,489,0,5632,9455,1,0,1
735930,510,0,6620,-7197,1,0,1
735931,925,0,5407,-7476,1,0,1
735932,340,0,400,-7847,1,0,1
735933,270,0,2851,9744,1,0,1
735934,379,0,5095,9567,1,0,1
735935,65535,255,6477,9327,0,0,0
735936,387,0,5877,-7379,1,0,1
735937,295,0,1523,-7825,1,0,1
735938,225,0,1841,9931,1,0,0
735939,537,0,4464,9654,1,0,1
735940,329,0,6084,9380,1,0,1
735941,65535,255,6278,-7264,0,0,0
735942,223,0,4867,-7552,1,0,1
735943,272,0,736,9949,1,0,1
735944,65535,255,3717,9730,0,0,0
735945,420,0,5627,9476,1,0,1
735946,922,0,6625,-7202,1,0,1
735947,706,0,5415,-7489,1,0,1
735948,208,0,414,-7369,1,0,1
735949,347,0,2846,9723,1,0,1
735950,65535,255,5092,9578,0,0,0
735951,65535,255,6474,9343,0,0,0
735952,65535,255,5879,-7340,0,0,0
735953,297,0,1528,-7782,1,0,1
735954,512,0,1842,9967,1,0,1
735955,65535,255,4466,9605,0,0,0
735956,967,0,6085,9420,1,0,1
735957,400,0,6279,-7298,1,0,1
735958,310,0,4866,-7546,1,0,1
735959,168,0,742,9727,1,0,1
735960,65535,255,3723,9776,0,0,0
735961,684,0,5633,9465,1,0,1
735962,671,0,6622,-7178,1,0,1
735963,964,0,5409,-7452,1,0,1
735964,65535,255,397,-7345,0,0,0
735965,236,0,2855,9777,1,0,1
735966,460,0,5104,9536,1,0,1
735967,350,0,6481,9331,1,0,1
735968,65535,255,5874,-7388,0,0,0
735969,260,0,1506,-7825,1,0,0
735970,65535,255,1864,9789,0,0,0
735971,65535,255,4481,9647,0,0,0
735972,65535,255,6094,9403,0,0,0
735973,65535,255,6270,-7285,0,0,0
735974,65535,255,4851,-7537,0,0,0
735975,116,2,770,9905,1,0,1
735976,65535,255,3747,9702,0,0,0
735977,244,0,5644,9509,1,0,1
735978,65535,255,6614,-7211,0,0,0
735979,493,0,5395,-7435,1,0,1
735980,65535,255,366,-7566,0,0,0
735981,256,0,2883,9829,1,0,1
735982,330,0,5120,9575,1,0,1
735983,303,0,6494,9311,1,0,1
735984,351,0,5860,-7365,1,0,1
735985,141,0,1473,-7826,1,0,1
735986,65535,255,1902,9822,0,0,0
735987,438,2,4504,9675,1,0,1
735988,65535,255,6110,9380,0,0,0
735989,65535,255,6258,-7310,0,0,0
735990,65535,255,4827,-7501,0,0,0
735991,239,0,817,9825,1,0,1
735992,65535,255,3780,9699,0,0,0
735993,438,0,5666,9447,1,0,1
735994,877,1,6602,-7217,1,0,1
735995,1002,1,5375,-7453,1,0,1
735996,404,0,314,-8246,1,0,1
735997,221,0,2925,9762,1,0,1
735998,246,0,5146,9551,1,0,1
735999,464,0,6510,9309,1,0,1
736000,914,1,5839,-7403,1,0,1
736001,65535,255,1434,-7981,0,0,0
736002,251,0,1931,9933,1,0,0
736003,291,0,4521,9642,1,0,1
736004,546,0,6119,9410,1,0,1
736005,919,1,6247,-7290,1,0,1
736006,65535,255,4819,-7563,0,0,0
736007,326,0,829,9706,1,0,1
736008,65535,255,3780,9684,0,0,0
736009,65535,255,5665,9478,0,0,0
736010,65535,255,6601,-7208,0,0,0
736011,259,0,5377,-7447,1,0,1
736012,296,0,332,-8329,1,0,1
736013,65535,255,2911,9773,0,0,0
736014,499,2,5135,9563,1,0,1
736015,680,2,6501,9313,1,0,1
736016,65535,255,5849,-7362,0,0,0
736017,324,0,1457,-7941,1,0,1
736018,65535,255,1908,9960,0,0,0
736019,374,0,4508,9644,1,0,1
736020,629,0,6109,9423,1,0,1
736021,831,0,6255,-7303,1,0,1
736022,348,0,4828,-7506,1,0,1
736023,383,0,805,10113,1,0,1
736024,318,0,3768,9654,1,0,1
736025,639,0,5657,9503,1,0,1
736026,898,0,6604,-7206,1,0,1
736027,65535,255,5383,-7455,0,0,0
736028,377,0,344,-7351,1,0,1
736029,655,0,2897,9861,1,0,1
736030,658,0,5127,9539,1,0,1
736031,320,0,6495,9304,1,0,1
736032,65535,255,5852,-7353,0,0,0
736033,65535,255,1468,-8005,0,0,0
736034,65535,255,1903,9788,0,0,0
736035,633,0,4505,9594,1,0,1
736036,468,0,6105,9401,1,0,1
736037,1127,1,6255,-7283,1,0,1
736038,876,0,4831,-7578,1,0,1
736039,65535,255,800,10195,0,0,0
736040,398,0,3764,9686,1,0,1
736041,432,0,5655,9462,1,0,1
736042,65535,255,6603,-7175,0,0,0
736043,756,0,5381,-7437,1,0,1
736044,204,0,345,-7711,1,0,1
736045,65535,255,2898,9861,0,0,0
736046,65535,255,5127,9554,0,0,0
736047,535,0,6497,9321,1,0,1
736048,336,2,5852,-7374,1,0,0
736049,65535,255,1457,-7872,0,0,0
736050,255,2,1908,9822,1,0,0
736051,514,0,4509,9594,1,0,1
736052,585,0,6110,9408,1,0,1
736053,920,0,6252,-7291,1,0,1
736054,525,0,4825,-7517,1,0,1
736055,335,0,817,9947,1,0,1
736056,65535,255,3776,9669,0,0,0
736057,704,0,5662,9466,1,0,1
736058,652,0,6599,-7179,1,0,1
736059,578,0,5375,-7436,1,0,1
736060,179,0,325,-8030,1,0,1
736061,475,0,2916,9827,1,0,1
736062,65535,255,5138,9548,0,0,0
736063,1075,0,6505,9330,1,0,1
736064,805,0,5842,-7384,1,0,1
736065,324,0,1435,-7709,1,0,1
736066,395,0,1930,9923,1,0,1
736067,65535,255,4522,9674,0,0,0
736068,898,0,6120,9414,1,0,1
736069,879,0,6243,-7293,1,0,1
736070,825,0,4810,-7541,1,0,1
736071,174,0,847,9711,1,0,1
736072,614,0,3796,9770,1,0,1
736073,343,0,5677,9464,1,0,1
736074,357,0,6590,-7195,1,0,1
736075,362,0,5361,-7449,1,0,1
736076,441,0,286,-7233,1,0,1
736077,563,0,2950,9781,1,0,1
736078,988,0,5161,9545,1,0,1
736079,539,0,6517,9338,1,0,1
736080,836,0,5828,-7396,1,0,1
736081,65535,255,1394,-7923,0,0,0
736082,474,0,1973,9870,1,0,1
736083,477,0,4549,9640,1,0,1
736084,341,0,6136,9407,1,0,1
736085,869,0,6229,-7285,1,0,0
736086,396,0,2434,-7849,1,0,1
736087,357,0,875,10171,1,0,0
736088,603,0,3816,9729,1,0,1
736089,556,0,5684,9465,1,0,1
736090,1026,0,6586,-7207,1,0,1
736091,467,0,5358,-7488,1,0,1
736092,509,0,284,-7929,1,0,1
736093,65535,255,2944,9836,0,0,0
736094,913,0,5155,9566,1,0,1
736095,330,0,6513,9294,1,0,1
736096,598,0,5837,-7402,1,0,1
736097,465,0,1423,-7897,1,0,1
736098,326,0,1941,9838,1,0,1
736099,803,0,4528,9661,1,0,1
736100,378,0,6121,9411,1,0,1
736101,1308,0,6244,-7289,1,0,1
736102,232,0,2468,-7717,1,0,1
736103,285,0,834,9908,1,0,1
736104,657,0,3788,9700,1,0,1
736105,518,0,5668,9501,1,0,1
736106,253,0,6600,-7203,1,0,1
736107,364,0,5375,-7459,1,0,0
736108,465,0,327,-8639,1,0,1
736109,355,0,2916,9763,1,0,1
736110,65535,255,5138,9543,0,0,0
736111,65535,255,6502,9342,0,0,0
736112,65535,255,5850,-7396,0,0,0
736113,461,0,1457,-7962,1,0,1
736114,447,0,1913,9908,1,0,1
736115,404,0,4511,9601,1,0,1
736116,630,0,6112,9382,1,0,1
736117,65535,255,6254,-7260,0,0,0
736118,855,1,2493,-7868,1,0,1
736119,210,0,805,9783,1,0,1
736120,65535,255,3768,9686,0,0,0
736121,319,0,5656,9499,1,0,1
736122,65535,255,6607,-7201,0,0,0
736123,403,0,5385,-7425,1,0,1
736124,330,0,349,-7454,1,0,1
736125,415,0,2893,9830,1,0,1
736126,508,0,5124,9581,1,0,1
736127,369,0,6495,9316,1,0,1
736128,789,1,5858,-7368,1,0,1
736129,370,0,1473,-7870,1,0,1
736130,226,0,1891,9876,1,0,1
736131,431,0,4497,9603,1,0,1
736132,361,0,6103,9387,1,0,1
736133,648,0,6260,-7266,1,0,1
736134,370,0,2508,-7727,1,0,1
736135,516,0,788,10075,1,0,1
736136,297,0,3751,9751,1,0,1
736137,871,0,5649,9477,1,0,1
736138,1128,0,6609,-7186,1,0,1
736139,772,0,5394,-7486,1,0,1
736140,237,0,366,-7566,1,0,1
736141,282,0,2879,9853,1,0,1
736142,473,0,5117,9539,1,0,1
736143,668,0,6490,9337,1,0,1
736144,634,0,5863,-7392,1,0,1
736145,136,2,1485,-7715,1,0,1
736146,671,0,1886,9789,1,0,1
736147,420,0,4488,9673,1,0,1
736148,268,0,6099,9376,1,0,1
736149,65535,255,6263,-7257,0,0,0
736150,611,0,2513,-7726,1,0,1
736151,262,0,776,10121,1,0,1
736152,433,0,3744,9776,1,0,1
736153,880,0,5644,9496,1,0,1
736154,685,0,6612,-7199,1,0,1
736155,894,0,5394,-7438,1,0,0
736156,172,0,371,-8198,1,0,1
736157,65535,255,2879,9777,0,0,0
736158,622,0,5113,9572,1,0,1
736159,631,0,6488,9320,1,0,1
736160,65535,255,5863,-7375,0,0,0
736161,406,0,1488,-7856,1,0,1
736162,409,0,1881,9772,1,0,1
736163,395,0,4485,9679,1,0,1
736164,345,0,6097,9384,1,0,1
736165,943,0,6262,-7265,1,0,1
736166,260,0,2518,-7789,1,0,1
736167,612,0,783,9737,1,0,1
736168,317,0,3748,9704,1,0,1
736169,668,0,5645,9464,1,0,1
736170,65535,255,6611,-7176,0,0,0
736171,514,0,5394,-7486,1,0,1
736172,649,0,365,-7928,1,0,1
736173,511,0,2879,9755,1,0,1
736174,1080,0,5116,9567,1,0,1
736175,511,0,6488,9320,1,0,1
736176,624,0,5859,-7372,1,0,1
736177,520,0,1480,-7715,1,0,1
736178,653,0,1886,9825,1,0,1
736179,65535,255,4492,9603,0,0,0
736180,821,0,6099,9403,1,0,1
736181,65535,255,6262,-7284,0,0,0
736182,384,0,2512,-7840,1,0,1
736183,259,0,782,10077,1,0,1
736184,346,0,3751,9664,1,0,1
736185,831,0,5647,9509,1,0,1
736186,683,0,6609,-7210,1,0,1
736187,541,0,5389,-7463,1,0,1
736188,239,0,360,-7743,1,0,1
736189,539,0,2889,9744,1,0,1
736190,703,0,5121,9566,1,0,1
736191,303,0,6491,9327,1,0,1
736192,845,0,5857,-7380,1,0,1
736193,168,0,1474,-7803,1,0,1
736194,163,0,1891,9911,1,0,1
736195,766,0,4498,9646,1,0,1
736196,792,0,6105,9375,1,0,1
736197,852,0,6257,-7279,1,0,1
736198,604,0,2498,-7816,1,0,1
736199,367,0,799,9906,1,0,1
736200,630,0,3764,9758,1,0,1
736201,424,0,5654,9504,1,0,1
736202,758,0,6605,-7204,1,0,1
736203,891,0,5383,-7463,1,0,1
736204,299,0,342,-7931,1,0,1
736205,360,0,2902,9775,1,0,1
736206,686,0,5130,9591,1,0,1
736207,434,0,6498,9343,1,0,1
736208,1008,0,5850,-7374,1,0,1
736209,300,0,1457,-7985,1,0,1
736210,298,0,1913,9806,1,0,1
736211,1004,0,4514,9614,1,0,1
736212,483,0,6113,9416,1,0,1
736213,528,0,6253,-7298,1,0,1
736214,65535,255,2483,-7792,0,0,0
736215,203,0,823,9906,1,0,1
736216,206,0,3780,9765,1,0,1
736217,229,0,5667,9477,1,0,1
736218,216,0,6600,-7212,1,0,1
736219,338,0,5374,-7479,1,0,1
736220,429,0,315,-8559,1,0,1
736221,589,0,2926,9860,1,0,1
736222,511,0,5146,9553,1,0,1
736223,355,0,6509,9324,1,0,1
736224,501,0,5842,-7379,1,0,1
736225,338,0,1429,-7919,1,0,1
736226,350,0,1947,9771,1,0,1
736227,665,0,4532,9612,1,0,1
736228,887,0,6125,9422,1,0,1
736229,951,0,6242,-7300,1,0,1
736230,604,0,2458,-7809,1,0,1
736231,251,0,847,9671,1,0,1
736232,243,0,3796,9659,1,0,1
736233,554,0,5674,9491,1,0,1
736234,384,0,6596,-7195,1,0,1
736235,441,0,5371,-7496,1,0,1
736236,65535,255,309,-7284,0,0,0
736237,447,0,2925,9826,1,0,1
736238,448,0,5143,9583,1,0,1
736239,440,0,6507,9319,1,0,1
736240,1159,0,5843,-7372,1,0,1
736241,538,0,1439,-7919,1,0,1
736242,342,0,1924,9924,1,0,1
736243,538,0,4521,9618,1,0,1
736244,760,0,6117,9403,1,0,1
736245,1122,0,6250,-7281,1,0,1
736246,65535,255,2478,-7794,0,0,0
736247,217,0,824,9665,1,0,1
736248,468,0,3780,9677,1,0,1
736249,456,0,5663,9506,1,0,1
736250,811,0,6602,-7206,1,0,1
736251,910,2,5377,-7446,1,0,0
736252,386,0,331,-8228,1,0,1
736253,445,0,2912,9763,1,0,1
736254,528,0,5135,9564,1,0,0
736255,407,0,6502,9311,1,0,1
736256,964,0,5849,-7362,1,0,1
736257,466,0,1457,-7940,1,0,1
736258,65535,255,1913,9960,0,0,0
736259,65535,255,4511,9644,0,0,0
736260,726,0,6111,9423,1,0,1
736261,65535,255,6254,-7302,0,0,0
736262,226,0,2488,-7703,1,0,1
736263,239,0,811,10070,1,0,1
736264,65535,255,3769,9742,0,0,0
736265,553,0,5659,9498,1,0,1
736266,497,0,6604,-7202,1,0,1
736267,756,0,5380,-7445,1,0,1
736268,484,0,339,-8615,1,0,1
736269,365,0,2902,9829,1,0,1
736270,326,0,5133,9518,1,0,1
736271,65535,255,6497,9342,0,0,0
736272,65535,255,5850,-7386,0,0,0
736273,322,0,1488,-6292,1,0,0
736274,350,0,1908,9840,1,0,1
736275,491,0,4504,9664,1,0,0
736276,302,0,6106,9418,1,0,1
736277,1097,0,6254,-7294,1,0,1
736278,303,0,2498,-7753,1,0,1
736279,384,0,800,10029,1,0,1
736280,667,0,3760,9727,1,0,1
736281,777,0,5653,9450,1,0,1
736282,65535,255,6607,-7214,0,0,1
736283,65535,255,5386,-7444,0,0,0
736284,425,0,354,-7651,1,0,1
736285,297,0,2884,9831,1,0,1
736286,591,0,5119,9577,1,0,1
736287,969,0,6490,9313,1,0,1
736288,933,0,5859,-7363,1,0,1
736289,185,2,1484,-7802,1,0,1
736290,191,2,1881,9806,1,0,1
736291,1284,0,4488,9672,1,0,1
736292,1186,0,6097,9427,1,0,1
736293,65535,255,6262,-7303,0,0,0
736294,529,0,2518,-7839,1,0,1
736295,290,0,777,9736,1,0,1
736296,65535,255,3744,9681,0,0,0
736297,363,0,5640,9506,1,0,1
736298,841,0,6612,-7205,1,0,1
736299,941,0,5394,-7437,1,0,1
736300,255,0,377,-7840,1,0,1
736301,598,0,2871,9797,1,0,1
736302,65535,255,5111,9531,0,0,0
736303,532,0,6483,9339,1,0,1
736304,785,0,5866,-7395,1,0,1
736305,430,0,1496,-7714,1,0,1
736306,194,0,1870,9754,1,0,1
736307,471,0,4478,9661,1,0,1
736308,484,0,6091,9429,1,0,1
736309,1312,0,6266,-7306,1,0,1
736310,561,0,2524,-7740,1,0,1
736311,377,0,765,9951,1,0,1
736312,584,0,3736,9738,1,0,1
736313,65535,255,5638,9471,0,0,0
736314,65535,255,6614,-7181,0,0,0
736315,65535,255,5400,-7480,0,0,0
736316,280,0,383,-7580,1,0,1
736317,726,0,2865,9865,1,0,1
736318,418,0,5107,9527,1,0,1
736319,598,0,6483,9343,1,0,1
736320,973,0,5866,-7340,1,0,1
736321,65535,255,1501,-7823,0,0,0
736322,491,0,1870,9878,1,0,1
736323,778,0,4481,9617,1,0,1
736324,65535,255,6092,9405,0,0,1
736325,65535,255,6267,-7286,0,0,0
736326,645,0,2528,-7863,1,0,1
736327,201,0,765,9950,1,0,1
736328,330,0,3740,9745,1,0,1
736329,512,0,5642,9484,1,0,1
736330,65535,255,6615,-7194,0,0,0
736331,65535,255,5398,-7431,0,0,0
736332,65535,255,378,-8365,0,0,1
736333,727,0,2874,9811,1,0,1
736334,520,0,5110,9595,1,0,1
736335,65535,255,6487,9339,0,0,0
736336,65535,255,5865,-7395,0,0,0
736337,369,0,1490,-7846,1,0,1
736338,358,0,1875,9931,1,0,1
736339,65535,255,4487,9642,0,0,0
736340,65535,255,6099,9425,0,0,0
736341,65535,255,6267,-7305,0,0,0
736342,380,0,2517,-7763,1,0,1
736343,406,0,783,9696,1,0,1
736344,797,0,3752,9713,1,0,1
736345,65535,255,5649,9470,0,0,0
736346,1606,0,6611,-7182,1,0,1
736347,563,0,5393,-7423,1,0,1
736348,65535,255,367,-8378,0,0,0
736349,364,0,2888,9821,1,0,1
736350,734,0,5124,9526,1,0,1
736351,65535,255,6494,9300,0,0,0
736352,796,0,5860,-7349,1,0,1
736353,65535,255,1479,-8001,0,0,0
736354,65535,255,1897,9790,0,0,0
736355,65535,255,4501,9597,0,0,0
736356,353,0,6106,9407,1,0,1
736357,430,0,6260,-7284,1,0,1
736358,485,0,2498,-7727,1,0,1
736359,357,0,806,9672,1,0,1
736360,384,0,3768,9703,1,0,1
736361,65535,255,5658,9473,0,0,0
736362,937,0,6605,-7183,1,0,1
736363,1195,0,5382,-7434,1,0,0
736364,221,0,338,-7341,1,0,1
736365,682,0,2912,9722,1,0,1
736366,65535,255,5135,9561,0,0,0
736367,432,0,6503,9326,1,0,1
736368,65535,255,5851,-7381,0,0,0
736369,206,2,1451,-7892,1,0,1
736370,344,0,1922,9856,1,0,1
736371,749,0,4519,9645,1,0,1
736372,351,0,6117,9405,1,0,1
736373,475,0,6250,-7283,1,0,1
736374,279,0,2473,-7753,1,0,1
736375,244,0,834,9790,1,0,1
736376,333,0,3788,9749,1,0,1
736377,65535,255,5671,9503,0,0,0
736378,65535,255,6596,-7206,0,0,0
736379,732,0,5368,-7470,1,0,1
736380,581,0,303,-8470,1,0,1
736381,314,0,2935,9849,1,0,0
736382,442,0,5152,9553,1,0,1
736383,344,0,6513,9324,1,0,1
736384,788,0,5834,-7380,1,0,1
736385,430,0,1411,-7777,1,0,1
736386,599,0,1957,9856,1,0,1
736387,626,0,4538,9606,1,0,1
736388,1191,1,6130,9399,1,0,1
736389,1163,1,6236,-7278,1,0,1
736390,248,0,2449,-7833,1,0,1
736391,65535,255,863,9870,0,0,0
736392,677,0,3808,9731,1,0,1
736393,1026,0,5684,9474,1,0,1
736394,1225,0,6586,-7184,1,0,1
736395,623,0,5355,-7491,1,0,1
736396,334,0,278,-8045,1,0,1
736397,325,0,2954,9762,1,0,1
736398,590,0,5161,9567,1,0,1
736399,335,0,6518,9323,1,0,1
736400,718,0,5826,-7376,1,0,1
736401,65535,255,1395,-7706,0,0,0
736402,250,0,1974,9823,1,0,1
736403,224,0,4549,9605,1,0,1
736404,428,2,6135,9402,1,0,1
736405,907,0,6229,-7283,1,0,1
736406,465,0,2429,-7886,1,0,1
736407,193,0,881,10059,1,0,1
736408,323,0,3825,9652,1,0,1
736409,469,0,5691,9460,1,0,0
736410,434,0,6580,-7209,1,0,1
736411,793,0,5342,-7463,1,0,1
736412,65535,255,250,-7523,0,0,0
736413,65535,255,2969,9856,0,0,0
736414,0,0,0,0,0,0,0
736415,166,2,6522,9329,1,0,1
736416,496,0,5817,-7382,1,0,1
736417,253,0,1389,-7946,1,0,1
736418,207,0,1974,9807,1,0,1
736419,496,0,4550,9617,1,0,0
736420,380,0,6132,9370,1,0,1
736421,1099,0,6230,-7305,1,0,1
736422,523,0,2434,-7859,1,0,1
736423,65535,255,869,10138,0,0,0
736424,299,2,3809,9708,1,0,0
736425,65535,255,5682,9487,0,0,0
736426,65535,255,6584,-7191,0,0,0
736427,65535,255,5353,-7456,0,0,0
736428,65535,255,285,-8391,0,0,0
736429,65535,255,2940,9848,0,0,0
736430,722,0,5153,9559,1,0,1
736431,539,0,6510,9334,1,0,1
736432,925,0,5831,-7388,1,0,1
736433,449,0,1418,-7859,1,0,1
736434,779,0,1946,9890,1,0,1
736435,753,0,4528,9663,1,0,1
736436,375,0,6121,9401,1,0,1
736437,834,0,6239,-7276,1,0,1
736438,469,0,2458,-7792,1,0,1
736439,169,2,841,9673,1,0,0
736440,460,0,3788,9742,1,0,1
736441,565,0,5670,9485,1,0,1
736442,314,0,6594,-7208,1,0,1
736443,875,0,5367,-7488,1,0,1
736444,305,0,314,-7714,1,0,1
736445,384,0,2921,9798,1,0,1
736446,65535,255,5142,9540,0,0,0
736447,294,0,6503,9326,1,0,1
736448,634,0,5842,-7377,1,0,1
736449,316,0,1440,-7695,1,0,1
736450,355,0,1924,9910,1,0,1
736451,689,0,4515,9677,1,0,1
736452,65535,255,6114,9414,0,0,0
736453,65535,255,6249,-7293,0,0,0
736454,296,0,2482,-7857,1,0,1
736455,565,0,824,9707,1,0,1
736456,65535,255,3776,9759,0,0,0
736457,470,0,5665,9455,1,0,0
736458,65535,255,6600,-7195,0,0,0
736459,65535,255,5377,-7433,0,0,0
736460,65535,255,332,-8426,0,0,0
736461,622,0,2912,9723,1,0,1
736462,794,0,5133,9591,1,0,1
736463,291,0,6500,9310,1,0,1
736464,496,0,5849,-7359,1,0,1
736465,560,0,1457,-8007,1,0,1
736466,310,0,1908,9912,1,0,1
736467,902,0,4508,9662,1,0,1
736468,339,0,6109,9423,1,0,1
736469,727,0,6254,-7299,1,0,1
736470,173,0,2493,-7738,1,0,1
736471,632,0,811,9949,1,0,1
736472,774,0,3772,9697,1,0,1
736473,857,0,5659,9497,1,0,1
736474,951,0,6604,-7199,1,0,1
736475,329,0,5385,-7485,1,0,1
736476,328,0,342,-8117,1,0,1
736477,398,0,2900,9807,1,0,1
736478,588,0,5129,9588,1,0,1
736479,604,0,6498,9314,1,0,1
736480,269,0,5855,-7362,1,0,0
736481,466,0,1462,-7732,1,0,1
736482,212,0,1902,9981,1,0,1
736483,442,0,4505,9623,1,0,1
736484,272,0,6109,9389,1,0,1
736485,533,0,6256,-7268,1,0,1
736486,470,0,2498,-7852,1,0,1
736487,411,0,806,9703,1,0,1
736488,383,0,3766,9695,1,0,1
736489,1106,0,5659,9479,1,0,1
736490,1255,0,6605,-7185,1,0,1
736491,1248,0,5384,-7471,1,0,1
736492,219,0,348,-8020,1,0,1
736493,744,0,2898,9875,1,0,1
736494,512,0,5126,9594,1,0,1
736495,289,0,6498,9318,1,0,1
736496,269,0,5855,-7370,1,0,1
736497,787,0,1462,-7800,1,0,1
736498,1137,1,1908,9792,1,0,1
736499,720,0,4504,9654,1,0,1
736500,1051,1,6109,9412,1,0,1
736501,567,0,6256,-7287,1,0,1
736502,631,0,2493,-7750,1,0,1
736503,65535,255,805,10034,0,0,0
736504,65535,255,3768,9728,0,0,0
736505,933,1,5659,9456,1,0,1
736506,65535,255,6605,-7194,0,0,0
736507,636,0,5382,-7447,1,0,1
736508,221,0,342,-7731,1,0,1
736509,293,0,2898,9854,1,0,1
736510,65535,255,5130,9588,0,0,0
736511,971,0,6499,9321,1,0,1
736512,455,0,5853,-7371,1,0,1
736513,824,0,1456,-7846,1,0,1
736514,254,0,1908,9826,1,0,1
736515,1174,0,4508,9672,1,0,1
736516,74,0,6108,9428,1,0,1
736517,462,0,6255,-7303,1,0,1
736518,830,0,2488,-7827,1,0,1
736519,251,0,813,9663,1,0,1
736520,187,0,3772,9657,1,0,1
736521,555,0,5659,9488,1,0,1
736522,994,0,6601,-7193,1,0,1
736523,677,0,5378,-7483,1,0,1
736524,443,0,333,-7230,1,0,1
736525,422,0,2907,9799,1,0,1
736526,649,0,5133,9567,1,0,1
736527,588,0,6501,9307,1,0,1
736528,65535,255,5847,-7355,0,0,0
736529,271,0,1451,-7800,1,0,1
736530,426,0,1919,9807,1,0,1
736531,775,0,4512,9672,1,0,1
736532,346,0,6112,9426,1,0,1
736533,958,0,6249,-7308,1,0,1
736534,682,0,2478,-7854,1,0,1
736535,271,0,823,9789,1,0,1
736536,729,0,3780,9696,1,0,1
736537,505,0,5662,9509,1,0,1
736538,65535,255,6597,-7210,0,0,0
736539,65535,255,5372,-7443,0,0,0
736540,300,0,319,-7924,1,0,1
736541,696,0,2922,9723,1,0,1
736542,65535,255,5139,9530,0,0,0
736543,383,0,6503,9340,1,0,1
736544,852,2,5840,-7398,1,0,1
736545,248,0,1435,-7731,1,0,1
736546,437,0,1935,9775,1,0,1
736547,392,0,4522,9646,1,0,1
736548,746,2,6118,9417,1,0,0
736549,65535,255,6244,-7297,0,0,0
736550,481,0,2463,-7830,1,0,1
736551,210,0,841,9751,1,0,1
736552,713,0,3792,9694,1,0,1
736553,651,0,5671,9479,1,0,1
736554,555,0,6592,-7212,1,0,1
736555,330,2,5364,-7449,1,0,1
736556,502,0,300,-7555,1,0,1
736557,703,0,2935,9808,1,0,1
736558,244,0,5147,9576,1,0,1
736559,817,0,6511,9321,1,0,1
736560,706,0,5833,-7374,1,0,1
736561,441,0,1417,-7965,1,0,1
736562,313,0,1947,9959,1,0,1
736563,871,0,4535,9638,1,0,1
736564,630,0,6127,9412,1,0,1
736565,809,0,6235,-7291,1,0,1
736566,65535,255,2444,-7844,0,0,0
736567,380,0,864,9832,1,0,1
736568,823,0,3808,9717,1,0,1
736569,461,0,5682,9461,1,0,1
736570,576,0,6585,-7191,1,0,1
736571,787,2,5353,-7471,1,0,1
736572,284,0,275,-7078,1,0,1
736573,246,0,2955,9827,1,0,1
736574,499,0,5162,9565,1,0,1
736575,792,0,6519,9333,1,0,1
736576,718,0,5824,-7388,1,0,1
736577,323,0,1389,-7729,1,0,1
736578,584,0,1979,9807,1,0,1
736579,381,0,4551,9612,1,0,1
736580,952,0,6139,9387,1,0,1
736581,65535,255,6227,-7267,0,0,0
736582,616,0,2419,-7782,1,0,1
736583,222,0,893,9723,1,0,1
736584,369,0,3832,9691,1,0,1
736585,471,0,5696,9455,1,0,1
736586,1141,0,6577,-7219,1,0,1
736587,611,0,5339,-7444,1,0,1
736588,593,0,256,-8573,1,0,1
736589,439,0,2969,9795,1,0,0
736590,423,0,5167,9583,1,0,1
736591,386,0,6521,9327,1,0,1
736592,65535,255,5823,-7376,0,0,1
736593,336,0,1395,-7705,1,0,1
736594,526,0,1968,9808,1,0,1
736595,414,0,4544,9599,1,0,1
736596,892,0,6132,9393,1,0,1
736597,1144,0,6234,-7269,1,0,1
736598,383,0,2448,-7805,1,0,1
736599,275,0,858,9795,1,0,1
736600,716,0,3804,9726,1,0,0
736601,666,2,5679,9472,1,0,1
736602,703,2,6591,-7178,1,0,1
736603,511,0,5369,-7453,1,0,1
736604,227,0,314,-7613,1,0,1
736605,332,0,2921,9786,1,0,1
736606,819,0,5144,9528,1,0,1
736607,65535,255,6505,9314,0,0,1
736608,65535,255,5846,-7361,0,0,0
736609,445,0,1451,-7916,1,0,1
736610,699,0,1919,9806,1,0,1
736611,283,0,4511,9627,1,0,1
736612,804,0,6113,9382,1,0,1
736613,720,0,6254,-7260,1,0,1
736614,65535,255,2492,-7740,0,0,0
736615,209,0,806,9826,1,0,1
736616,264,0,3768,9656,1,0,1
736617,65535,255,5656,9469,0,0,0
736618,65535,255,6606,-7176,0,0,0
736619,528,0,5387,-7443,1,0,1
736620,566,0,355,-8393,1,0,1
736621,488,0,2888,9843,1,0,1
736622,521,0,5121,9578,1,0,1
736623,335,0,6493,9300,1,0,0
736624,491,0,5859,-7345,1,0,0
736625,388,0,1484,-7867,1,0,1
736626,729,0,1886,9790,1,0,1
736627,724,0,4491,9636,1,0,1
736628,316,0,6099,9389,1,0,1
736629,846,0,6264,-7268,1,0,1
736630,308,2,2522,-7800,1,0,0
736631,282,0,771,10081,1,0,1
736632,542,0,3744,9714,1,0,1
736633,572,0,5642,9503,1,0,1
736634,975,2,6614,-7204,1,0,1
736635,509,0,5401,-7484,1,0,1
736636,195,0,383,-7928,1,0,1
736637,477,0,2865,9845,1,0,1
736638,712,0,5107,9570,1,0,1
736639,719,0,6483,9322,1,0,1
736640,588,0,5869,-7343,1,0,1
736641,889,0,1506,-7931,1,0,1
736642,284,0,1858,9845,1,0,1
736643,65535,255,4475,9663,0,0,0
736644,408,0,6088,9411,1,0,1
736645,65535,255,6273,-7288,0,0,0
736646,602,0,2537,-7711,1,0,1
736647,533,0,754,9821,1,0,1
736648,598,0,3729,9675,1,0,1
736649,874,0,5632,9486,1,0,1
736650,65535,255,6620,-7191,0,0,0
736651,349,0,5410,-7472,1,0,1
736652,65535,255,400,-7928,0,0,0
736653,65535,255,2846,9858,0,0,0
736654,836,0,5096,9582,1,0,1
736655,65535,255,6477,9307,0,0,0
736656,65535,255,5875,-7358,0,0,0
736657,262,0,1523,-7692,1,0,1
736658,276,0,1842,9953,1,0,1
736659,747,0,4464,9614,1,0,0
736660,564,0,6083,9384,1,0,1
736661,744,0,6275,-7264,1,0,1
736662,65535,255,2553,-7846,0,0,0
736663,228,0,737,9637,1,0,1
736664,363,0,3716,9781,1,0,1
736665,65535,255,5625,9479,0,0,0
736666,65535,255,6623,-7184,0,0,0
736667,669,0,5413,-7470,1,0,1
736668,336,0,412,-8005,1,0,1
736669,482,0,2837,9881,1,0,1
736670,551,0,5088,9598,1,0,1
736671,669,0,6472,9322,1,0,1
736672,1252,0,5877,-7374,1,0,1
736673,453,0,1528,-7821,1,0,1
736674,65535,255,1837,9810,0,0,0
736675,731,0,4458,9665,1,0,1
736676,492,0,6078,9417,1,0,1
736677,911,0,6278,-7297,1,0,1
736678,261,0,2557,-7783,1,0,1
736679,552,0,730,10182,1,0,0
736680,604,0,3713,9749,1,0,1
736681,65535,255,5625,9466,0,0,0
736682,602,0,6623,-7177,1,0,1
736683,493,0,5415,-7465,1,0,1
736684,268,0,418,-7766,1,0,1
736685,412,0,2837,9848,1,0,0
736686,678,0,5088,9588,1,0,1
736687,629,0,6472,9319,1,0,1
736688,580,0,5880,-7370,1,0,1
736689,65535,255,1534,-7862,0,0,0
736690,65535,255,1837,9846,0,0,0
736691,65535,255,4458,9678,0,0,0
736692,65535,255,6080,9433,0,0,0
736693,447,0,6277,-7255,1,0,1
736694,346,0,2557,-7858,1,0,1
736695,560,0,736,9775,1,0,1
736696,383,0,3716,9775,1,0,1
736697,458,0,5624,9775,1,0,1
736698,757,0,6624,9775,1,0,1
736699,65535,255,5412,9775,0,0,0
736700,342,0,412,9775,1,0,1
736701,334,0,2841,9775,1,0,1
736702,878,0,5093,9775,1,0,1
736703,452,0,6475,9775,1,0,1
736704,340,0,5879,9775,1,0,1
736705,287,0,1528,9775,1,0,1
736706,65535,255,1842,9775,0,0,0
736707,747,0,4468,9775,1,0,1
736708,65535,255,6086,9775,0,0,0
736709,65535,255,6275,9775,0,0,0
736710,65535,255,2547,9775,0,0,0
736711,332,0,742,9775,1,0,1
736712,594,0,3724,9775,1,0,1
736713,610,0,5632,9775,1,0,1
736714,707,0,6621,9775,1,0,1
736715,65535,255,5409,9775,0,0,0
736716,264,0,401,9775,1,0,1
736717,65535,255,2855,9775,0,0,0
736718,65535,255,5101,9775,0,0,0
736719,0,0,0,0,0,0,0
736720,0,0,0,0,0,0,0
736721,709,0,1512,9775,1,0,1
736722,578,2,1858,9775,1,0,0
736723,65535,255,4477,9775,0,0,0
736724,472,0,6092,9775,1,0,1
736725,599,0,6272,9775,1,0,1
736726,65535,255,2537,9775,0,0,0
736727,65535,255,766,9775,0,0,0
736728,763,0,3740,9775,1,0,1
736729,566,0,5639,9775,1,0,0
736730,65535,255,6618,9775,0,0,0
736731,462,0,5404,9775,1,0,1
736732,454,0,384,9775,1,0,1
736733,65535,255,2869,9775,0,0,0
736734,793,0,5113,9775,1,0,1
736735,363,0,6487,9775,1,0,1
736736,808,0,5866,9775,1,0,1
736737,65535,255,1495,9775,0,0,0
736738,230,0,1875,9775,1,0,1
736739,65535,255,4491,9775,0,0,0
736740,377,0,6100,9775,1,0,1
736741,476,0,6266,9775,1,0,1
736742,194,0,2517,9775,1,0,1
736743,550,0,788,9775,1,0,1
736744,628,0,3756,9775,1,0,1
736745,582,0,5651,9775,1,0,1
736746,862,0,6610,9775,1,0,1
736747,632,0,5393,9775,1,0,1
736748,249,0,355,9775,1,0,1
736749,544,0,2893,9775,1,0,1
736750,65535,255,5125,9775,0,0,0
736751,618,2,6496,9775,1,0,1
736752,511,2,5858,9775,1,0,1
736753,65535,255,1462,9775,0,0,0
736754,352,0,1908,9775,1,0,1
736755,65535,255,4508,9775,0,0,0
736756,295,0,6109,9775,1,0,1
736757,876,0,6254,9775,1,0,1
736758,658,0,2488,9775,1,0,1
736759,655,0,818,9775,1,0,1
736760,593,0,3776,9775,1,0,1
736761,749,0,5664,9775,1,0,1
736762,650,0,6600,9775,1,0,1
736763,65535,255,5377,9775,0,0,0
736764,460,0,320,9775,1,0,1
736765,65535,255,2916,9775,0,0,0
736766,384,0,5141,9775,1,0,1
736767,828,0,6507,9775,1,0,1
736768,646,0,5841,9775,1,0,1
736769,65535,255,1434,9775,0,0,0
736770,65535,255,1936,9775,0,0,0
736771,65535,255,4525,9775,0,0,0
736772,471,0,6122,9775,1,0,1
736773,486,0,6243,9775,1,0,1
736774,65535,255,2453,9775,0,0,0
736775,65535,255,852,9775,0,0,0
736776,65535,255,3801,9775,0,0,0
736777,619,2,5677,9775,1,0,1
736778,959,2,6588,9775,1,0,1
736779,491,2,5358,9775,1,0,1
736780,65535,255,281,9775,0,0,0
736781,673,0,2950,9775,1,0,1
736782,65535,255,5159,9775,0,0,1
736783,65535,255,6517,9775,0,0,0
736784,65535,255,5826,9775,0,0,0
736785,443,2,1400,9775,1,0,1
736786,776,0,1958,9775,1,0,1
736787,532,0,4539,9775,1,0,1
736788,65535,255,6127,9775,0,0,1
736789,474,2,6235,9775,1,0,1
736790,721,0,2444,9775,1,0,1
736791,396,0,858,9775,1,0,1
736792,599,0,3804,9775,1,0,1
736793,472,0,5677,9775,1,0,1
736794,265,0,6587,9775,1,0,1
736795,65535,255,5356,9775,0,0,0
736796,65535,255,291,9775,0,0,0
736797,65535,255,2941,9775,0,0,0
736798,827,0,5153,9775,1,0,1
736799,788,0,6511,9775,1,0,1
736800,65535,255,5831,9775,0,0,0
736801,711,0,1411,9775,1,0,1
736802,461,0,1947,9775,1,0,1
736803,613,0,4530,9775,1,0,1
736804,577,0,6123,9775,1,0,1
736805,614,0,6238,9775,1,0,1
736806,668,0,2453,9775,1,0,1
736807,234,0,847,9775,1,0,1
736808,65535,255,3797,9775,0,0,0
736809,801,2,5675,9775,1,0,1
736810,65535,255,6589,9775,0,0,0
736811,665,0,5361,9775,1,0,1
736812,457,0,296,9775,1,0,1
736813,333,0,2936,9775,1,0,1
736814,65535,255,5150,9775,0,0,0
736815,65535,255,6509,9775,0,0,0
736816,65535,255,5833,9775,0,0,0
736817,433,0,1419,9775,1,0,1
736818,203,0,1941,9775,1,0,1
736819,65535,255,4529,9775,0,0,0
736820,497,0,6122,9775,1,0,1
736821,998,0,6239,9775,1,0,1
736822,398,0,2454,9775,1,0,1
736823,441,0,853,9775,1,0,1
736824,655,0,3796,9775,1,0,1
736825,572,0,5677,9775,1,0,1
736826,415,0,6590,9775,1,0,1
736827,652,0,5361,9775,1,0,1
736828,594,0,298,9775,1,0,1
736829,290,0,2941,9775,1,0,1
736830,602,0,5150,9775,1,0,1
736831,463,0,6512,9775,1,0,1
736832,398,0,5835,9775,1,0,1
736833,235,0,1423,9775,1,0,1
736834,266,0,1946,9775,1,0,1
736835,609,0,4532,9775,1,0,1
736836,492,0,6126,9775,1,0,1
736837,593,0,6240,9775,1,0,1
736838,230,0,2453,9775,1,0,1
736839,569,0,858,9775,1,0,1
736840,572,0,3804,9775,1,0,1
736841,702,0,5679,9775,1,0,1
736842,690,0,6589,9775,1,0,1
736843,627,0,5360,9775,1,0,1
736844,410,0,290,9775,1,0,1
736845,843,0,2945,9775,1,0,1
736846,725,0,5155,9775,1,0,1
736847,436,0,6516,9775,1,0,1
736848,459,0,5832,9775,1,0,1
736849,621,0,1411,9775,1,0,1
736850,775,0,1957,9775,1,0,1
736851,449,0,4538,9775,1,0,1
736852,538,0,6130,9775,1,0,1
736853,561,0,6236,9775,1,0,1
736854,352,0,2443,9775,1,0,1
736855,178,0,863,9775,1,0,1
736856,659,0,3812,9775,1,0,1
736857,470,0,5683,9775,1,0,1
736858,593,0,6587,9775,1,0,1
736859,270,0,5355,9775,1,0,1
736860,576,0,280,9775,1,0,1
736861,359,0,2954,9775,1,0,1
736862,553,0,5163,9775,1,0,1
736863,451,0,6519,9775,1,0,1
736864,882,0,5827,9775,1,0,1
736865,1013,0,1394,9775,1,0,1
736866,614,0,1974,9775,1,0,1
736867,799,0,4548,9775,1,0,1
736868,741,0,6136,9775,1,0,1
736869,485,0,6232,9775,1,0,1
736870,308,0,2429,9775,1,0,1
736871,249,0,881,9775,1,0,1
736872,65535,255,3824,9775,0,0,0
736873,719,0,5691,9775,1,0,1
736874,846,0,6582,9775,1,0,1
736875,440,0,5347,9775,1,0,1
736876,434,0,259,9775,1,0,1
736877,393,0,2968,9775,1,0,1
736878,560,0,5172,9775,1,0,1
736879,579,0,6524,9775,1,0,1
736880,317,0,5821,9775,1,0,1
736881,697,0,1378,9775,1,0,1
736882,631,0,1989,9775,1,0,1
736883,65535,255,4563,9775,0,0,0
736884,337,0,6143,9775,1,0,0
736885,65535,255,6224,9775,0,0,0
736886,191,0,2414,9775,1,0,1
736887,245,0,905,9775,1,0,1
736888,185,0,3837,9775,1,0,1
736889,422,0,5699,9775,1,0,1
736890,65535,255,6574,9775,0,0,0
736891,728,0,5336,9775,1,0,1
736892,65535,255,239,9775,0,0,0
736893,358,0,2988,9775,1,0,1
736894,336,0,5181,9775,1,0,1
736895,728,0,6531,9775,1,0,1
736896,867,0,5809,9775,1,0,1
736897,227,0,1361,9775,1,0,1
736898,465,0,2000,9775,1,0,1
736899,368,0,4563,9775,1,0,1
736900,618,0,6143,9775,1,0,1
736901,741,0,6221,9775,1,0,1
736902,383,0,2414,9775,1,0,1
736903,560,0,899,9775,1,0,1
736904,893,0,3829,9775,1,0,1
736905,539,0,5692,9775,1,0,1
736906,553,0,6578,9775,1,0,1
736907,567,0,5342,9775,1,0,1
736908,582,0,264,9775,1,0,1
736909,785,0,2964,9775,1,0,1
736910,742,0,5167,9775,1,0,1
736911,364,0,6520,9775,1,0,1
736912,661,0,5821,9775,1,0,1
736913,405,0,1394,9775,1,0,1
736914,638,0,1969,9775,1,0,1
736915,295,0,4543,9775,1,0,1
736916,311,0,6131,9775,1,0,1
736917,677,0,6229,9775,1,0,1
736918,372,0,2439,9775,1,0,1
736919,173,0,864,9775,1,0,0
736920,220,0,3804,9775,1,0,1
736921,703,0,5680,9775,1,0,1
736922,65535,255,6586,9775,0,0,0
736923,357,0,5355,9775,1,0,1
736924,629,0,292,9775,1,0,1
736925,477,0,2941,9775,1,0,1
736926,615,0,5153,9775,1,0,1
736927,371,0,6511,9775,1,0,1
736928,579,0,5831,9775,1,0,1
736929,218,0,1423,9775,1,0,1
736930,726,0,1947,9775,1,0,1
736931,547,0,4525,9775,1,0,1
736932,420,2,6121,9775,1,0,1
736933,902,2,6239,9775,1,0,1
736934,1095,0,2458,9775,1,0,1
736935,207,0,842,9775,1,0,1
736936,356,0,3789,9775,1,0,1
736937,644,0,5670,9775,1,0,0
736938,65535,255,6592,9775,0,0,0
736939,399,0,5367,9775,1,0,1
736940,1062,1,315,9775,1,0,1
736941,1231,1,2922,9775,1,0,1
736942,880,1,5142,9775,1,0,1
736943,329,0,6504,9775,1,0,1
736944,974,1,5840,9775,1,0,1
736945,65535,255,1440,9775,0,0,0
736946,470,0,1925,9775,1,0,1
736947,431,0,4515,9775,1,0,1
736948,692,1,6114,9775,1,0,1
736949,357,0,6249,9775,1,0,1
736950,546,0,2478,9775,1,0,1
736951,65535,255,823,9775,0,0,0
736952,592,0,3776,9775,1,0,1
736953,642,0,5662,9775,1,0,1
736954,836,1,6599,9775,1,0,1
736955,344,0,5377,9775,1,0,1
736956,389,0,330,9775,1,0,1
736957,224,0,2907,9775,1,0,1
736958,769,0,5134,9775,1,0,1
736959,445,0,6501,9775,1,0,1
736960,863,0,5846,9775,1,0,1
736961,65535,255,1451,9775,0,0,0
736962,337,0,1913,9775,1,0,1
736963,315,0,4508,9775,1,0,1
736964,296,0,6111,9775,1,0,1
736965,65535,255,6252,9775,0,0,1
736966,811,0,2503,9775,1,0,1
736967,185,0,795,9775,1,0,1
736968,483,0,3756,9775,1,0,1
736969,336,0,5652,9775,1,0,1
736970,427,0,6609,9775,1,0,1
736971,925,0,5390,9775,1,0,1
736972,286,0,366,9775,1,0,1
736973,324,0,2884,9775,1,0,1
736974,428,0,5116,9775,1,0,1
736975,280,0,6489,9775,1,0,1
736976,1063,0,5862,9775,1,0,1
736977,224,0,1495,9775,1,0,1
736978,414,0,1875,9775,1,0,1
736979,512,0,4484,9775,1,0,1
736980,309,0,6096,9775,1,0,0
736981,491,0,6268,9775,1,0,1
736982,218,0,2527,9775,1,0,1
736983,248,0,765,9775,1,0,1
736984,470,0,3740,9775,1,0,1
736985,65535,255,5639,9775,0,0,1
736986,418,0,6617,9775,1,0,1
736987,615,2,5404,9775,1,0,1
736988,360,0,388,9775,1,0,1
736989,327,0,2860,9775,1,0,1
736990,245,0,5104,9775,1,0,1
736991,65535,255,6484,9775,0,0,0
736992,575,0,5871,9775,1,0,1
736993,268,0,1512,9775,1,0,1
736994,760,0,1858,9775,1,0,1
736995,207,0,4474,9775,1,0,1
736996,551,0,6090,9775,1,0,1
736997,1080,0,6272,9775,1,0,1
736998,696,0,2542,9775,1,0,1
736999,429,0,755,9775,1,0,1
737000,348,0,3724,9775,1,0,1
737001,65535,255,5634,9775,0,0,0
737002,65535,255,6621,9775,0,0,0
737003,1078,0,5409,9775,1,0,1
737004,460,0,400,9775,1,0,1
737005,874,0,2851,9775,1,0,1
737006,935,0,5099,9775,1,0,1
737007,588,0,6478,9775,1,0,1
737008,654,0,5876,9775,1,0,1
737009,363,0,1523,9775,1,0,1
737010,428,0,1847,9775,1,0,1
737011,65535,255,4468,9775,0,0,0
737012,513,0,6086,9775,1,0,0
737013,789,0,6276,9775,1,0,1
737014,337,0,2547,9775,1,0,1
737015,850,0,742,9775,1,0,1
737016,303,2,3720,9775,1,0,1
737017,65535,255,5629,9775,0,0,0
737018,661,2,6622,9775,1,0,1
737019,65535,255,5412,9775,0,0,0
737020,65535,255,406,9775,0,0,0
737021,239,2,2847,9775,1,0,1
737022,560,0,5096,9775,1,0,1
737023,374,0,6476,9775,1,0,1
737024,65535,255,5876,9775,0,0,0
737025,241,0,1528,9775,1,0,1
737026,161,0,1842,9775,1,0,1
737027,1134,1,4468,9775,1,0,1
737028,551,0,6084,9775,1,0,1
737029,65535,255,6275,9775,0,0,0
737030,296,0,2547,9775,1,0,1
737031,297,0,742,9775,1,0,1
737032,373,0,3720,9775,1,0,0
737033,349,0,5630,9775,1,0,0
737034,616,0,6620,9775,1,0,1
737035,65535,255,5410,9775,0,0,0
737036,442,0,406,9775,1,0,1
737037,906,0,2851,9775,1,0,1
737038,65535,255,5096,9775,0,0,0
737039,65535,255,6476,9775,0,0,0
737040,827,0,5873,9775,1,0,1
737041,408,0,1517,9775,1,0,1
737042,189,0,1848,9775,1,0,1
737043,65535,255,4468,9775,0,0,0
737044,435,2,6085,9775,1,0,1
737045,881,2,6272,9775,1,0,1
737046,65535,255,2542,9775,0,0,0
737047,65535,255,748,9775,0,0,0
737048,65535,255,3728,9775,0,0,0
737049,65535,255,5631,9775,0,0,0
737050,0,0,0,0,0,0,0
737051,0,0,0,0,0,0,0
737052,65535,255,395,9775,0,0,0
737053,65535,255,2856,9775,0,0,0
737054,497,0,5102,9775,1,0,1
737055,363,0,6481,9775,1,0,1
737056,846,2,5868,9775,1,0,1
737057,65535,255,1506,9775,0,0,0
737058,1023,1,1864,9775,1,0,1
737059,289,0,4478,9775,1,0,1
737060,151,0,6091,9775,1,0,0
737061,947,1,6267,9775,1,0,1
737062,217,0,2527,9775,1,0,1
737063,588,0,768,9775,1,0,1
737064,134,0,3741,9775,1,0,0
737065,290,0,5640,9775,1,0,1
737066,472,0,6613,9775,1,0,1
737067,677,0,5396,9775,1,0,1
737068,407,0,377,9775,1,0,1
737069,296,0,2875,9775,1,0,1
737070,852,2,5113,9775,1,0,1
737071,65535,255,6487,9775,0,0,1
737072,437,0,5863,9775,1,0,1
737073,277,0,1490,9775,1,0,1
737074,454,0,1880,9775,1,0,1
737075,839,0,4492,9775,1,0,1
737076,65535,255,6099,9775,0,0,0
737077,868,0,6261,9775,1,0,1
737078,197,0,2512,9775,1,0,1
737079,65535,255,788,9775,0,0,0
737080,333,2,3756,9775,1,0,1
737081,336,2,5652,9775,1,0,1
737082,249,0,6608,9775,1,0,1
737083,65535,255,5388,9775,0,0,0
737084,65535,255,349,9775,0,0,0
737085,65535,255,2893,9775,0,0,0
737086,65535,255,5127,9775,0,0,0
737087,65535,255,6495,9775,0,0,0
737088,157,2,5853,9775,1,0,1
737089,445,0,1462,9775,1,0,0
737090,604,0,1908,9775,1,0,1
737091,280,0,4508,9775,1,0,1
737092,544,0,6111,9775,1,0,0
737093,430,0,6254,9775,1,0,1
737094,65535,255,2483,9775,0,0,0
737095,325,0,817,9775,1,0,1
737096,65535,255,3776,9775,0,0,0
737097,65535,255,5664,9775,0,0,0
737098,65535,255,6600,9775,0,0,0
737099,65535,255,5373,9775,0,0,0
737100,614,2,321,9775,1,0,1
737101,65535,255,2921,9775,0,0,0
737102,65535,255,5141,9775,0,0,0
737103,0,0,0,0,0,0,0
737104,0,0,0,0,0,0,0
737105,65535,255,1430,9775,0,0,0
737106,572,0,1941,9775,1,0,1
737107,65535,255,4529,9775,0,0,0
737108,272,0,6124,9775,1,0,1
737109,461,0,6242,9775,1,0,1
737110,513,2,2453,9775,1,0,0
737111,588,0,858,9775,1,0,1
737112,500,0,3804,9775,1,0,1
737113,65535,255,5681,9775,0,0,0
737114,65535,255,6589,9775,0,0,0
737115,548,0,5358,9775,1,0,1
737116,65535,255,284,9775,0,0,0
737117,244,0,2954,9775,1,0,0
737118,338,0,5161,9775,1,0,1
737119,222,0,6519,9775,1,0,1
737120,372,0,5827,9775,1,0,1
737121,65535,255,1400,9775,0,0,0
737122,677,0,1963,9775,1,0,1
737123,322,0,4544,9775,1,0,1
737124,222,0,6130,9775,1,0,1
737125,315,0,6236,9775,1,0,1
737126,583,0,2443,9775,1,0,1
737127,585,0,864,9775,1,0,1
737128,640,0,3804,9775,1,0,1
737129,461,0,5681,9775,1,0,1
737130,593,0,6589,9775,1,0,1
737131,569,0,5360,9775,1,0,1
737132,381,0,293,9775,1,0,1
737133,372,0,2940,9775,1,0,1
737134,710,0,5153,9775,1,0,1
737135,550,0,6512,9775,1,0,1
737136,348,0,5837,9775,1,0,1
737137,327,0,1417,9775,1,0,1
737138,445,0,1946,9775,1,0,1
737139,445,0,4528,9775,1,0,1
737140,699,0,6124,9775,1,0,1
737141,790,0,6240,9775,1,0,1
737142,65535,255,2458,9775,0,0,0
737143,204,0,841,9775,1,0,1
737144,979,0,3792,9775,1,0,1
737145,65535,255,5670,9775,0,0,0
737146,65535,255,6595,9775,0,0,0
737147,65535,255,5369,9775,0,0,0
737148,416,0,308,9775,1,0,1
737149,271,0,2926,9775,1,0,0
737150,749,0,5144,9775,1,0,1
737151,507,0,6507,9775,1,0,1
737152,534,0,5839,9775,1,0,1
737153,346,0,1434,9775,1,0,1
737154,846,0,1930,9775,1,0,0
737155,420,0,4522,9775,1,0,1
737156,351,0,6116,9775,1,0,1
737157,649,0,6245,9775,1,0,1
737158,305,0,2473,9775,1,0,1
737159,527,0,829,9775,1,0,1
737160,864,0,3784,9775,1,0,1
737161,253,2,5665,9775,1,0,1
737162,65535,255,6596,9775,0,0,0
737163,224,0,5372,9775,1,0,1
737164,407,0,316,9775,1,0,1
737165,444,0,2922,9775,1,0,1
737166,65535,255,5139,9775,0,0,0
737167,314,0,6504,9775,1,0,1
737168,276,0,5842,9775,1,0,1
737169,453,0,1440,9775,1,0,1
737170,65535,255,1925,9775,0,0,0
737171,309,0,4515,9775,1,0,1
737172,409,0,6114,9775,1,0,1
737173,777,0,6245,9775,1,0,1
737174,65535,255,2473,9775,0,0,0
737175,65535,255,823,9775,0,0,0
737176,444,0,3781,9775,1,0,1
737177,65535,255,5665,9775,0,0,0
737178,65535,255,6596,9775,0,0,0
737179,403,0,5371,9775,1,0,1
737180,247,0,322,9775,1,0,1
737181,268,0,2917,9775,1,0,1
737182,65535,255,5136,9775,0,0,0
737183,65535,255,6504,9775,0,0,0
737184,65535,255,5842,9775,0,0,0
737185,693,0,1439,9775,1,0,1
737186,65535,255,1925,9775,0,0,0
737187,300,0,4515,9775,1,0,1
737188,540,0,6115,9775,1,0,1
737189,275,0,6247,9775,1,0,1
737190,822,0,2473,9775,1,0,1
737191,294,0,828,9775,1,0,1
737192,271,0,3781,9775,1,0,1
737193,729,0,5668,9775,1,0,1
737194,324,0,6597,9775,1,0,0
737195,853,0,5369,9775,1,0,1
737196,337,0,320,9775,1,0,1
737197,381,0,2922,9775,1,0,1
737198,220,0,5139,9775,1,0,1
737199,403,0,6505,9775,1,0,1
737200,65535,255,5840,9775,0,0,0
737201,65535,255,1440,9775,0,0,0
737202,519,0,1930,9775,1,0,1
737203,622,0,4522,9775,1,0,1
737204,680,0,6118,9775,1,0,1
737205,65535,255,6245,9775,0,0,0
737206,774,0,2463,9775,1,0,1
737207,215,0,835,9775,1,0,1
737208,880,0,3792,9775,1,0,1
737209,1037,1,5672,9775,1,0,1
737210,797,0,6593,9775,1,0,1
737211,222,0,5368,9775,1,0,1
737212,343,0,307,9775,1,0,1
737213,880,0,2931,9775,1,0,1
737214,65535,255,5147,9775,0,0,0
737215,558,0,6510,9775,1,0,1
737216,588,0,5837,9775,1,0,1
737217,307,0,1424,9775,1,0,1
737218,249,0,1941,9775,1,0,1
737219,899,0,4532,9775,1,0,1
737220,531,0,6126,9775,1,0,1
737221,397,0,6240,9775,1,0,1
737222,410,0,2453,9775,1,0,0
737223,764,0,853,9775,1,0,1
737224,220,0,3800,9775,1,0,1
737225,342,0,5679,9775,1,0,1
737226,569,0,6589,9775,1,0,1
737227,365,0,5360,9775,1,0,1
737228,617,0,285,9775,1,0,1
737229,472,0,2945,9775,1,0,1
737230,277,0,5156,9775,1,0,1
737231,191,0,6516,9775,1,0,1
737232,917,0,5829,9775,1,0,1
737233,309,0,1411,9775,1,0,1
737234,279,0,1958,9775,1,0,1
737235,339,0,4542,9775,1,0,1
737236,311,0,6132,9775,1,0,1
737237,65535,255,6234,9775,0,0,0
737238,416,0,2438,9775,1,0,1
737239,162,0,876,9775,1,0,1
737240,180,0,3817,9775,1,0,1
737241,802,0,5689,9775,1,0,1
737242,738,0,6583,9775,1,0,1
737243,455,0,5352,9775,1,0,1
737244,335,0,267,9775,1,0,1
737245,265,0,2964,9775,1,0,1
737246,697,0,5170,9775,1,0,1
737247,313,0,6522,9775,1,0,1
737248,720,0,5823,9775,1,0,1
737249,65535,255,1383,9775,0,0,1
737250,719,0,1984,9775,1,0,1
737251,556,0,4556,9775,1,0,1
737252,470,0,6140,9775,1,0,1
737253,378,0,6228,9775,1,0,1
737254,205,0,2418,9775,1,0,1
737255,877,0,899,9775,1,0,1
737256,65535,255,3832,9775,0,0,0
737257,545,0,5699,9775,1,0,0
737258,387,0,6577,9775,1,0,1
737259,65535,255,5338,9775,0,0,0
737260,233,0,250,9775,1,0,1
737261,974,0,2978,9775,1,0,1
737262,65535,255,5173,9775,0,0,0
737263,323,0,6525,9775,1,0,1
737264,438,0,5818,9775,1,0,1
737265,607,0,1377,9775,1,0,1
737266,1043,0,1984,9775,1,0,1
737267,225,0,4552,9775,1,0,1
737268,620,0,6139,9775,1,0,1
737269,433,0,6229,9775,1,0,1
737270,765,0,2424,9775,1,0,1
737271,159,2,881,9775,1,0,1
737272,896,0,3820,9775,1,0,1
737273,296,0,5687,9775,1,0,1
737274,947,0,6581,9775,1,0,1
737275,272,0,5349,9775,1,0,1
737276,908,0,267,9775,1,0,1
737277,697,0,2960,9775,1,0,1
737278,315,0,5161,9775,1,0,1
737279,65535,255,6516,9775,0,0,0
737280,506,0,5825,9775,1,0,1
737281,297,0,1400,9775,1,0,0
737282,685,0,1963,9775,1,0,1
737283,310,0,4539,9775,1,0,1
737284,622,0,6131,9775,1,0,1
737285,382,0,6232,9775,1,0,1
737286,269,0,2439,9775,1,0,1
737287,850,0,864,9775,1,0,1
737288,808,0,3809,9775,1,0,1
737289,305,0,5680,9775,1,0,1
737290,278,0,6586,9775,1,0,1
737291,362,0,5355,9775,1,0,0
737292,503,0,287,9775,1,0,1
737293,65535,255,2941,9775,0,0,1
737294,658,0,5153,9775,1,0,1
737295,266,0,6511,9775,1,0,1
737296,65535,255,5831,9775,0,0,0
737297,861,0,1411,9775,1,0,1
737298,322,0,1947,9775,1,0,1
737299,943,0,4532,9775,1,0,1
737300,591,0,6125,9775,1,0,1
737301,354,0,6237,9775,1,0,1
737302,749,0,2449,9775,1,0,1
737303,224,0,854,9775,1,0,1
737304,65535,255,3797,9775,0,0,0
737305,65535,255,5675,9775,0,0,0
737306,65535,255,6588,9775,0,0,0
737307,299,0,5361,9775,1,0,1
737308,862,0,295,9775,1,0,1
737309,782,0,2936,9775,1,0,1
737310,570,0,5148,9775,1,0,1
737311,406,0,6510,9775,1,0,1
737312,564,0,5833,9775,1,0,1
737313,186,0,1423,9775,1,0,1
737314,369,0,1941,9775,1,0,1
737315,333,0,4526,9775,1,0,1
737316,179,0,6120,9775,1,0,1
737317,904,0,6239,9775,1,0,1
737318,304,0,2459,9775,1,0,1
737319,529,0,841,9775,1,0,1
737320,460,0,3792,9775,1,0,1
737321,864,0,5672,9775,1,0,1
737322,413,2,6592,9775,1,0,1
737323,701,0,5363,9775,1,0,1
737324,205,0,307,9775,1,0,1
737325,888,0,2931,9775,1,0,1
737326,487,0,5147,9775,1,0,1
737327,195,0,6507,9775,1,0,1
737328,65535,255,5837,9775,0,0,0
737329,171,0,1428,9775,1,0,1
737330,415,0,1925,9775,1,0,1
737331,486,0,4516,9775,1,0,1
737332,412,0,6114,9775,1,0,1
737333,504,0,6249,9775,1,0,1
737334,555,0,2483,9775,1,0,1
737335,254,0,818,9775,1,0,0
737336,688,0,3777,9775,1,0,1
737337,817,0,5662,9775,1,0,1
737338,65535,255,6600,9775,0,0,0
737339,393,0,5379,9775,1,0,1
737340,286,0,336,9775,1,0,1
737341,65535,255,2903,9775,0,0,0
737342,581,0,5130,9775,1,0,1
737343,625,2,6499,9775,1,0,1
737344,844,2,5850,9775,1,0,1
737345,216,0,1462,9775,1,0,1
737346,644,0,1905,9775,1,0,1
737347,345,0,4505,9775,1,0,1
737348,334,0,6108,9775,1,0,1
737349,570,0,6256,9775,1,0,1
737350,346,0,2498,9775,1,0,1
737351,451,0,800,9775,1,0,1
737352,625,0,3764,9775,1,0,1
737353,379,0,5654,9775,1,0,1
737354,333,0,6607,9775,1,0,1
737355,613,0,5385,9775,1,0,1
737356,65535,255,350,9775,0,0,0
737357,65535,255,2893,9775,0,0,0
737358,453,0,5124,9775,1,0,1
737359,287,0,6495,9775,1,0,1
737360,486,0,5857,9775,1,0,1
737361,404,0,1479,9775,1,0,1
737362,759,0,1891,9775,1,0,1
737363,620,0,4495,9775,1,0,1
737364,791,0,6103,9775,1,0,1
737365,753,0,6262,9775,1,0,1
737366,241,0,2512,9775,1,0,1
737367,330,0,783,9775,1,0,1
737368,210,0,3748,9775,1,0,1
737369,411,0,5647,9775,1,0,1
737370,458,2,6612,9775,1,0,1
737371,687,0,5395,9775,1,0,1
737372,391,0,374,9775,1,0,1
737373,335,0,2874,9775,1,0,1
737374,400,0,5113,9775,1,0,1
737375,752,0,6488,9775,1,0,1
737376,684,0,5867,9775,1,0,1
737377,65535,255,1501,9775,0,0,0
737378,65535,255,1869,9775,0,0,0
737379,305,2,4481,9775,1,0,1
737380,282,0,6092,9775,1,0,1
737381,809,0,6268,9775,1,0,1
737382,467,0,2532,9775,1,0,1
737383,418,0,759,9775,1,0,1
737384,797,0,3736,9775,1,0,1
737385,65535,255,5637,9775,0,0,0
737386,65535,255,6619,9775,0,0,0
737387,760,0,5403,9775,1,0,1
737388,314,0,395,9775,1,0,1
737389,494,0,2861,9775,1,0,1
737390,65535,255,5102,9775,0,0,0
737391,65535,255,6480,9775,0,0,0
737392,358,0,5874,9775,1,0,1
737393,320,0,1512,9775,1,0,0
737394,65535,255,1853,9775,0,0,0
737395,65535,255,4471,9775,0,0,0
737396,65535,255,6088,9775,0,0,1
737397,65535,255,6275,9775,0,0,0
737398,264,0,2547,9775,1,0,1
737399,218,2,749,9775,1,0,1
737400,65535,255,3724,9775,0,0,0
737401,65535,255,5632,9775,0,0,0
737402,65535,255,6621,9775,0,0,0
737403,543,0,5409,9775,1,0,1
737404,224,2,405,9775,1,0,1
737405,267,0,2846,9775,1,0,1
737406,747,2,5096,9775,1,0,1
737407,547,0,6477,9775,1,0,1
737408,212,0,5877,9775,1,0,1
737409,65535,255,1523,9775,0,0,0
737410,313,0,1848,9775,1,0,1
737411,324,0,4464,9775,1,0,1
737412,542,0,6084,9775,1,0,1
737413,332,0,6277,9775,1,0,1
737414,260,0,2547,9775,1,0,1
737415,65535,255,742,9775,0,0,0
737416,457,0,3720,9775,1,0,1
737417,65535,255,5627,9775,0,0,0
737418,649,0,6622,9775,1,0,1
737419,579,0,5410,9775,1,0,1
737420,65535,255,408,9775,0,0,0
737421,65535,255,2846,9775,0,0,0
737422,65535,255,5094,9775,0,0,0
737423,390,0,6474,9775,1,0,1
737424,65535,255,5877,9775,0,0,0
737425,421,0,1523,9775,1,0,1
737426,446,0,1842,9775,1,0,1
737427,728,0,4465,9775,1,0,1
737428,368,0,6083,9775,1,0,1
737429,583,0,6275,9775,1,0,1
737430,444,0,2547,9775,1,0,1
737431,915,0,742,9775,1,0,1
737432,669,0,3720,9775,1,0,1
737433,567,0,5627,9775,1,0,1
737434,396,0,6621,9775,1,0,1
737435,487,0,5409,9775,1,0,1
737436,420,0,406,9775,1,0,1
737437,514,0,2846,9775,1,0,1
737438,65535,255,5093,9775,0,0,0
737439,308,0,6476,9775,1,0,1
737440,739,0,5875,9775,1,0,1
737441,65535,255,1522,9775,0,0,0
737442,65535,255,1848,9775,0,0,0
737443,182,0,4464,9775,1,0,1
737444,571,0,6084,9775,1,0,1
737445,65535,255,6273,9775,0,0,0
737446,242,0,2542,9775,1,0,1
737447,513,0,748,9775,1,0,1
737448,208,0,3725,9775,1,0,1
737449,293,0,5630,9775,1,0,1
737450,427,0,6620,9775,1,0,1
737451,343,0,5407,9775,1,0,1
737452,65535,255,400,9775,0,0,0
737453,192,0,2851,9775,1,0,1
737454,504,0,5099,9775,1,0,1
737455,328,2,6479,9775,1,0,1
737456,407,0,5872,9775,1,0,1
737457,866,0,1512,9775,1,0,1
737458,169,0,1853,9775,1,0,1
737459,457,0,4474,9775,1,0,1
737460,360,0,6090,9775,1,0,1
737461,620,0,6271,9775,1,0,1
737462,321,0,2532,9775,1,0,1
737463,546,2,760,9775,1,0,0
737464,249,0,3732,9775,1,0,1
737465,292,0,5637,9775,1,0,1
737466,619,0,6616,9775,1,0,1
737467,337,0,5401,9775,1,0,1
737468,65535,255,383,9775,0,0,0
737469,183,0,2865,9775,1,0,1
737470,244,0,5107,9775,1,0,1
737471,369,0,6485,9775,1,0,1
737472,283,0,5867,9775,1,0,1
737473,793,0,1495,9775,1,0,1
737474,65535,255,1875,9775,0,0,0
737475,65535,255,4488,9775,0,0,0
737476,255,0,6096,9775,1,0,1
737477,485,0,6266,9775,1,0,1
737478,491,0,2517,9775,1,0,1
737479,411,0,784,9775,1,0,1
737480,485,0,3752,9775,1,0,1
737481,341,0,5647,9775,1,0,1
737482,65535,255,6612,9775,0,0,0
737483,65535,255,5392,9775,0,0,0
737484,65535,255,365,9775,0,0,0
737485,65535,255,2889,9775,0,0,0
737486,397,2,5121,9775,1,0,1
737487,476,0,6492,9775,1,0,1
737488,722,0,5857,9775,1,0,1
737489,284,0,1473,9775,1,0,1
737490,425,0,1897,9775,1,0,1
737491,304,0,4500,9775,1,0,1
737492,449,0,6107,9775,1,0,1
737493,259,0,6258,9775,1,0,1
737494,252,0,2497,9775,1,0,1
737495,189,0,800,9775,1,0,1
737496,677,0,3769,9775,1,0,0
737497,523,0,5659,9775,1,0,1
737498,596,0,6605,9775,1,0,1
737499,290,0,5382,9775,1,0,1
737500,269,0,336,9775,1,0,1
737501,813,0,2912,9775,1,0,1
737502,484,0,5135,9775,1,0,1
737503,65535,255,6502,9775,0,0,0
737504,376,0,5848,9775,1,0,0
737505,325,0,1445,9775,1,0,1
737506,697,0,1925,9775,1,0,1
737507,264,0,4518,9775,1,0,1
737508,690,0,6118,9775,1,0,1
737509,521,0,6248,9775,1,0,1
737510,276,0,2473,9775,1,0,0
737511,65535,255,835,9775,0,0,0
737512,65535,255,3792,9775,0,0,0
737513,209,0,5672,9775,1,0,1
737514,421,0,6594,9775,1,0,1
737515,65535,255,5368,9775,0,0,0
737516,185,0,302,9775,1,0,0
737517,609,0,2939,9775,1,0,1
737518,408,0,5153,9775,1,0,1
737519,444,0,6514,9775,1,0,1
737520,681,0,5832,9775,1,0,1
737521,344,0,1411,9775,1,0,1
737522,692,0,1958,9775,1,0,1
737523,292,0,4539,9775,1,0,1
737524,540,0,6130,9775,1,0,1
737525,690,0,6234,9775,1,0,1
737526,312,0,2443,9775,1,0,1
737527,261,0,864,9775,1,0,1
737528,65535,255,3809,9775,0,0,0
737529,300,0,5680,9775,1,0,0
737530,65535,255,6588,9775,0,0,0
737531,720,0,5358,9775,1,0,1
737532,220,0,295,9775,1,0,1
737533,771,0,2941,9775,1,0,1
737534,664,0,5151,9775,1,0,1
737535,813,0,6512,9775,1,0,1
737536,569,0,5833,9775,1,0,1
737537,65535,255,1423,9775,0,0,0
737538,444,0,1941,9775,1,0,1
737539,229,0,4526,9775,1,0,1
737540,355,0,6120,9775,1,0,1
737541,420,0,6242,9775,1,0,1
737542,835,0,2463,9775,1,0,1
737543,278,0,835,9775,1,0,1
737544,65535,255,3784,9775,0,0,0
737545,479,0,5668,9775,1,0,1
737546,332,0,6595,9775,1,0,1
737547,65535,255,5369,9775,0,0,0
737548,401,0,318,9775,1,0,1
737549,473,0,2917,9775,1,0,1
737550,65535,255,5136,9775,0,0,0
737551,354,0,6504,9775,1,0,1
737552,435,0,5842,9775,1,0,1
737553,65535,255,1446,9775,0,0,0
737554,914,0,1919,9775,1,0,1
737555,750,0,4512,9775,1,0,1
737556,494,0,6112,9775,1,0,1
737557,638,0,6250,9775,1,0,1
737558,302,0,2488,9775,1,0,1
737559,478,0,812,9775,1,0,1
737560,598,0,3772,9775,1,0,1
737561,262,0,5658,9775,1,0,1
737562,265,0,6601,9775,1,0,1
737563,882,0,5377,9775,1,0,1
737564,472,0,337,9775,1,0,1
737565,581,0,2903,9775,1,0,1
737566,468,0,5127,9775,1,0,1
737567,577,0,6496,9775,1,0,1
737568,640,0,5849,9775,1,0,1
737569,359,0,1462,9775,1,0,1
737570,886,0,1903,9775,1,0,1
737571,900,0,4502,9775,1,0,1
737572,787,0,6106,9775,1,0,1
737573,453,0,6255,9775,1,0,1
737574,321,0,2498,9775,1,0,1
737575,422,0,801,9775,1,0,1
737576,467,0,3760,9775,1,0,1
737577,780,0,5653,9775,1,0,1
737578,581,0,6605,9775,1,0,1
737579,721,0,5385,9775,1,0,1
737580,65535,255,354,9775,0,0,0
737581,371,0,2889,9775,1,0,1
737582,418,0,5122,9775,1,0,1
737583,65535,255,6492,9775,0,0,0
737584,65535,255,5856,9775,0,0,0
737585,65535,255,1479,9775,0,0,0
737586,485,0,1892,9775,1,0,1
737587,409,0,4495,9775,1,0,1
737588,295,0,6102,9775,1,0,1
737589,524,0,6259,9775,1,0,1
737590,178,0,2507,9775,1,0,1
737591,244,0,790,9775,1,0,1
737592,249,0,3752,9775,1,0,1
737593,649,0,5650,9775,1,0,1
737594,254,0,6609,9775,1,0,1
737595,502,0,5390,9775,1,0,1
737596,387,0,362,9775,1,0,1
737597,991,0,2889,9775,1,0,1
737598,784,0,5119,9775,1,0,1
737599,334,0,6489,9775,1,0,1
737600,332,0,5860,9775,1,0,1
737601,211,0,1484,9775,1,0,1
737602,248,0,1881,9775,1,0,1
737603,662,0,4491,9775,1,0,1
737604,317,0,6099,9775,1,0,1
737605,637,0,6262,9775,1,0,1
737606,352,0,2513,9775,1,0,1
737607,569,0,783,9775,1,0,1
737608,270,0,3752,9775,1,0,1
737609,366,0,5647,9775,1,0,1
737610,692,0,6610,9775,1,0,1
737611,522,0,5392,9775,1,0,1
737612,274,0,368,9775,1,0,1
737613,254,0,2884,9775,1,0,1
737614,336,0,5115,9775,1,0,1
737615,317,0,6490,9775,1,0,1
737616,65535,255,5860,9775,0,0,0
737617,482,0,1484,9775,1,0,1
737618,65535,255,1886,9775,0,0,0
737619,307,0,4494,9775,1,0,1
737620,347,0,6099,9775,1,0,1
737621,447,0,6262,9775,1,0,1
737622,380,0,2512,9775,1,0,1
737623,163,0,784,9775,1,0,1
737624,371,0,3749,9775,1,0,1
737625,276,0,5648,9775,1,0,1
737626,226,0,6611,9775,1,0,1
737627,677,0,5392,9775,1,0,1
737628,692,0,365,9775,1,0,0
737629,379,0,2880,9775,1,0,1
737630,262,0,5117,9775,1,0,1
737631,812,0,6491,9775,1,0,1
737632,856,0,5861,9775,1,0,1
737633,427,0,1483,9775,1,0,1
737634,368,0,1881,9775,1,0,1
737635,254,0,4492,9775,1,0,1
737636,351,0,6099,9775,1,0,1
737637,585,0,6263,9775,1,0,1
737638,261,0,2512,9775,1,0,1
737639,480,0,790,9775,1,0,1
737640,773,0,3753,9775,1,0,1
737641,205,0,5648,9775,1,0,0
737642,65535,255,6610,9775,0,0,0
737643,307,0,5392,9775,1,0,1
737644,160,2,365,9775,1,0,1
737645,703,2,2884,9775,1,0,1
737646,910,0,5119,9775,1,0,1
737647,267,0,6491,9775,1,0,1
737648,232,0,5859,9775,1,0,1
737649,870,0,1478,9775,1,0,1
737650,611,0,1892,9775,1,0,1
737651,673,0,4496,9775,1,0,1
737652,294,0,6102,9775,1,0,1
737653,550,0,6259,9775,1,0,1
737654,236,0,2507,9775,1,0,1
737655,227,0,789,9775,1,0,1
737656,473,0,3757,9775,1,0,1
737657,764,0,5651,9775,1,0,1
737658,65535,255,6608,9775,0,0,0
737659,375,0,5387,9775,1,0,1
737660,719,0,353,9775,1,0,1
737661,433,0,2889,9775,1,0,1
737662,706,0,5123,9775,1,0,1
737663,463,0,6493,9775,1,0,1
737664,230,0,5855,9775,1,0,1
737665,806,0,1467,9775,1,0,1
737666,65535,255,1898,9775,0,0,0
737667,196,0,4499,9775,1,0,1
737668,257,0,6105,9775,1,0,1
737669,502,2,6256,9775,1,0,1
737670,621,0,2497,9775,1,0,1
737671,642,0,805,9775,1,0,1
737672,290,0,3761,9775,1,0,1
737673,681,0,5656,9775,1,0,1
737674,255,0,6603,9775,1,0,1
737675,369,0,5382,9775,1,0,1
737676,605,0,342,9775,1,0,1
737677,702,0,2904,9775,1,0,1
737678,254,0,5129,9775,1,0,1
737679,289,0,6497,9775,1,0,0
737680,65535,255,5848,9775,0,0,0
737681,175,0,1456,9775,1,0,1
737682,533,0,1909,9775,1,0,1
737683,303,0,4510,9775,1,0,1
737684,574,0,6112,9775,1,0,1
737685,502,0,6250,9775,1,0,1
737686,555,0,2482,9775,1,0,1
737687,860,0,819,9775,1,0,1
737688,314,0,3773,9775,1,0,1
737689,587,0,5663,9775,1,0,1
737690,367,0,6598,9775,1,0,0
737691,526,0,5373,9775,1,0,1
737692,367,0,319,9775,1,0,1
737693,828,0,2918,9775,1,0,1
737694,798,0,5132,9775,1,0,1
737695,711,0,6500,9775,1,0,1
737696,730,0,5847,9775,1,0,0
737697,413,0,1462,9775,1,0,1
737698,65535,255,1904,9775,0,0,0
737699,657,0,4506,9775,1,0,1
737700,401,0,6108,9775,1,0,1
737701,461,0,6254,9775,1,0,1
737702,537,0,2496,9775,1,0,1
737703,138,0,802,9775,1,0,1
737704,671,0,3765,9775,1,0,1
737705,65535,255,5654,9775,0,0,0
737706,65535,255,6604,9775,0,0,0
737707,65535,255,5387,9775,0,0,1
737708,65535,255,354,9775,0,0,0
737709,535,0,2894,9775,1,0,1
737710,65535,255,5123,9775,0,0,0
737711,493,0,6493,9775,1,0,1
737712,320,0,5856,9775,1,0,1
737713,1008,1,1473,9775,1,0,1
737714,503,0,1893,9775,1,0,1
737715,65535,255,4496,9775,0,0,0
737716,351,0,6103,9775,1,0,1
737717,499,0,6259,9775,1,0,1
737718,65535,255,2502,9775,0,0,0
737719,65535,255,788,9775,0,0,0
737720,412,0,3756,9775,1,0,0
737721,445,0,5652,9775,1,0,1
737722,697,0,6608,9775,1,0,1
737723,65535,255,5390,9775,0,0,0
737724,307,0,359,9775,1,0,1
737725,301,0,2889,9775,1,0,1
737726,503,0,5122,9775,1,0,1
737727,240,0,6491,9775,1,0,1
737728,422,0,5860,9775,1,0,1
737729,170,0,1479,9775,1,0,1
737730,65535,255,1890,9775,0,0,0
737731,474,0,4494,9775,1,0,1
737732,246,2,6101,9775,1,0,1
737733,65535,255,6262,9775,0,0,0
737734,830,0,2508,9775,1,0,1
737735,171,0,789,9775,1,0,1
737736,296,0,3756,9775,1,0,1
737737,486,0,5650,9775,1,0,0
737738,65535,255,6611,9775,0,0,0
737739,388,0,5390,9775,1,0,1
737740,348,0,359,9775,1,0,1
737741,207,0,2887,9775,1,0,1
737742,330,0,5121,9775,1,0,1
737743,286,0,6492,9775,1,0,1
737744,749,0,5859,9775,1,0,0
737745,782,0,1474,9775,1,0,1
737746,219,0,1892,9775,1,0,1
737747,821,0,4498,9775,1,0,1
737748,556,0,6103,9775,1,0,1
737749,397,0,6262,9775,1,0,1
737750,65535,255,2506,9775,0,0,0
737751,501,0,794,9775,1,0,1
737752,410,0,3760,9775,1,0,1
737753,313,0,5654,9775,1,0,1
737754,796,0,6607,9775,1,0,1
737755,763,0,5387,9775,1,0,1
737756,483,0,349,9775,1,0,1
737757,525,0,2894,9775,1,0,1
737758,65535,255,5124,9775,0,0,0
737759,249,2,6495,9775,1,0,1
737760,65535,255,5855,9775,0,0,1
737761,191,0,1468,9775,1,0,1
737762,418,2,1903,9775,1,0,1
737763,267,0,4501,9775,1,0,1
737764,65535,255,6110,9775,0,0,0
737765,65535,255,6256,9775,0,0,0
737766,65535,255,2492,9775,0,0,0
737767,497,0,806,9775,1,0,1
737768,65535,255,3772,9775,0,0,0
737769,701,0,5659,9775,1,0,1
737770,677,0,6603,9775,1,0,1
737771,65535,255,5379,9775,0,0,0
737772,406,0,337,9775,1,0,1
737773,338,0,2907,9775,1,0,1
737774,522,0,5133,9775,1,0,1
737775,693,0,6501,9775,1,0,1
737776,593,0,5848,9775,1,0,1
737777,632,0,1449,9775,1,0,1
737778,306,0,1920,9775,1,0,1
737779,681,0,4515,9775,1,0,1
737780,65535,255,6116,9775,0,0,0
737781,65535,255,6248,9775,0,0,0
737782,760,0,2473,9775,1,0,1
737783,136,0,830,9775,1,0,1
737784,65535,255,3785,9775,0,0,0
737785,65535,255,5670,9775,0,0,0
737786,65535,255,6597,9775,0,0,0
737787,152,0,5371,9775,1,0,1
737788,583,0,308,9775,1,0,1
737789,855,0,2927,9775,1,0,1
737790,265,0,5145,9775,1,0,1
737791,65535,255,6508,9775,0,0,0
737792,489,0,5837,9775,1,0,1
737793,65535,255,1428,9775,0,0,0
737794,496,0,1941,9775,1,0,1
737795,456,0,4529,9775,1,0,1
737796,65535,255,6123,9775,0,0,0
737797,65535,255,6241,9775,0,0,0
737798,65535,255,2453,9775,0,0,0
737799,147,2,852,9775,1,0,1
737800,276,0,3801,9775,1,0,1
737801,65535,255,5677,9775,0,0,0
737802,65535,255,6588,9775,0,0,0
737803,733,0,5355,9775,1,0,1
737804,65535,255,285,9775,0,0,0
737805,65535,255,2950,9775,0,0,0
737806,106,2,5159,9775,1,0,0
737807,345,0,6517,9775,1,0,1
737808,188,0,5828,9775,1,0,1
737809,65535,255,1394,9775,0,0,0
737810,65535,255,1969,9775,0,0,0
737811,65535,255,4546,9775,0,0,0
737812,306,0,6134,9775,1,0,1
737813,738,0,6229,9775,1,0,1
737814,239,0,2433,9775,1,0,1
737815,65535,255,876,9775,0,0,0
737816,857,0,3817,9775,1,0,1
737817,65535,255,5685,9775,0,0,0
737818,65535,255,6584,9775,0,0,0
737819,122,0,5352,9775,1,0,1
737820,691,0,278,9775,1,0,1
737821,334,0,2950,9775,1,0,1
737822,758,0,5157,9775,1,0,1
737823,418,0,6515,9775,1,0,1
737824,65535,255,5828,9775,0,0,0
737825,422,0,1411,9775,1,0,1
737826,619,0,1952,9775,1,0,1
737827,65535,255,4533,9775,0,0,0
737828,168,0,6125,9775,1,0,1
737829,65535,255,6238,9775,0,0,0
737830,65535,255,2453,9775,0,0,0
737831,65535,255,846,9775,0,0,0
737832,65535,255,3797,9775,0,0,0
737833,662,0,5675,9775,1,0,1
737834,279,0,6592,9775,1,0,1
737835,357,0,5363,9775,1,0,1
737836,65535,255,307,9775,0,0,0
737837,65535,255,2927,9775,0,0,0
737838,190,0,5145,9775,1,0,1
737839,65535,255,6507,9775,0,0,0
737840,313,0,5839,9775,1,0,1
737841,638,0,1434,9775,1,0,1
737842,168,0,1930,9775,1,0,1
737843,65535,255,4522,9775,0,0,0
737844,225,2,6118,9775,1,0,1
737845,595,0,6244,9775,1,0,1
737846,222,0,2472,9775,1,0,1
737847,113,0,829,9775,1,0,1
737848,251,0,3782,9775,1,0,1
737849,327,0,5667,9775,1,0,1
737850,526,0,6596,9775,1,0,1
737851,658,0,5371,9775,1,0,1
737852,150,0,324,9775,1,0,1
737853,670,0,2917,9775,1,0,1
737854,277,0,5139,9775,1,0,1
737855,205,0,6503,9775,1,0,1
737856,65535,255,5846,9775,0,0,0
737857,384,0,1448,9775,1,0,1
737858,65535,255,1919,9775,0,0,0
737859,283,0,4512,9775,1,0,1
737860,537,0,6114,9775,1,0,1
737861,224,0,6251,9775,1,0,1
737862,65535,255,2483,9775,0,0,0
737863,424,0,817,9775,1,0,1
737864,614,0,3776,9775,1,0,1
737865,375,0,5662,9775,1,0,1
737866,489,0,6602,9775,1,0,1
737867,487,0,5379,9775,1,0,1
737868,214,0,333,9775,1,0,1
737869,65535,255,2907,9775,0,0,0
737870,228,0,5132,9775,1,0,1
737871,679,0,6501,9775,1,0,1
737872,274,0,5850,9775,1,0,1
737873,712,0,1456,9775,1,0,1
737874,136,0,1908,9775,1,0,1
737875,65535,255,4508,9775,0,0,0
737876,65535,255,6110,9775,0,0,0
737877,120,0,6254,9775,1,0,1
737878,838,0,2488,9775,1,0,1
737879,65535,255,812,9775,0,0,0
737880,65535,255,3772,9775,0,0,0
737881,412,0,5660,9775,1,0,1
737882,646,0,6603,9775,1,0,1
737883,65535,255,5382,9775,0,0,0
737884,812,0,336,9775,1,0,1
737885,196,0,2903,9775,1,0,1
737886,218,0,5130,9775,1,0,1
737887,197,0,6497,9775,1,0,1
737888,682,0,5851,9775,1,0,1
737889,65535,255,1456,9775,0,0,0
737890,199,0,1909,9775,1,0,1
737891,377,0,4508,9775,1,0,1
737892,333,0,6110,9775,1,0,1
737893,222,0,6254,9775,1,0,1
737894,853,0,2488,9775,1,0,1
737895,210,0,806,9775,1,0,1
737896,234,0,3768,9775,1,0,1
737897,65535,255,5657,9775,0,0,0
737898,257,0,6603,9775,1,0,1
737899,395,0,5379,9775,1,0,1
737900,713,0,336,9775,1,0,1
737901,267,0,2908,9775,1,0,1
737902,183,0,5130,9775,1,0,1
737903,262,0,6499,9775,1,0,1
737904,503,0,5848,9775,1,0,1
737905,370,0,1452,9775,1,0,1
737906,887,0,1914,9775,1,0,1
737907,441,0,4512,9775,1,0,1
737908,292,0,6111,9775,1,0,1
737909,348,0,6251,9775,1,0,1
737910,607,0,2483,9775,1,0,1
737911,376,0,818,9775,1,0,1
737912,65535,255,3773,9775,0,0,0
737913,426,0,5661,9775,1,0,1
737914,377,0,6601,9775,1,0,1
737915,768,0,5374,9775,1,0,1
737916,65535,255,328,9775,0,0,0
737917,248,0,2912,9775,1,0,1
737918,223,0,5136,9775,1,0,1
737919,65535,255,6502,9775,0,0,0
737920,705,0,5844,9775,1,0,1
737921,208,0,1445,9775,1,0,1
737922,512,0,1925,9775,1,0,1
737923,399,0,4516,9775,1,0,1
737924,234,0,6114,9775,1,0,0
737925,560,0,6246,9775,1,0,1
737926,204,0,2473,9775,1,0,1
737927,315,0,829,9775,1,0,1
737928,293,0,3785,9775,1,0,1
737929,402,0,5667,9775,1,0,1
737930,510,0,6595,9775,1,0,1
737931,256,0,5368,9775,1,0,1
737932,248,0,310,9775,1,0,1
737933,228,0,2927,9775,1,0,1
737934,457,0,5145,9775,1,0,1
737935,224,0,6506,9775,1,0,1
737936,185,0,5837,9775,1,0,1
737937,289,0,1428,9775,1,0,1
737938,172,0,1936,9775,1,0,1
737939,692,0,4529,9775,1,0,1
737940,503,0,6123,9775,1,0,1
737941,290,0,6240,9775,1,0,1
737942,320,0,2458,9775,1,0,1
737943,504,0,853,9775,1,0,1
737944,452,0,3801,9775,1,0,1
737945,238,0,5675,9775,1,0,1
737946,179,0,6590,9775,1,0,1
737947,388,0,5358,9775,1,0,1
737948,482,0,288,9775,1,0,1
737949,579,0,2945,9775,1,0,1
737950,539,0,5156,9775,1,0,1
737951,248,0,6515,9775,1,0,1
737952,613,0,5828,9775,1,0,1
737953,206,0,1406,9775,1,0,1
737954,201,0,1958,9775,1,0,1
737955,749,1,4543,9775,1,0,1
737956,399,0,6131,9775,1,0,1
737957,531,0,6233,9775,1,0,1
737958,433,0,2433,9775,1,0,1
737959,659,0,876,9775,1,0,1
737960,550,0,3817,9775,1,0,1
737961,276,0,5690,9775,1,0,1
737962,277,0,6582,9775,1,0,1
737963,184,0,5349,9775,1,0,1
737964,800,0,260,9775,1,0,1
737965,662,0,2969,9775,1,0,1
737966,294,0,5169,9775,1,0,1
737967,65535,255,6522,9775,0,0,0
737968,65535,255,5821,9775,0,0,0
737969,65535,255,1389,9775,0,0,0
737970,218,0,1974,9775,1,0,1
737971,324,0,4549,9775,1,0,1
737972,670,0,6135,9775,1,0,1
737973,771,0,6230,9775,1,0,1
737974,250,0,2433,9775,1,0,1
737975,65535,255,875,9775,0,0,0
737976,132,2,3812,9775,1,0,1
737977,266,0,5685,9775,1,0,1
737978,750,0,6584,9775,1,0,1
737979,575,0,5352,9775,1,0,1
737980,146,0,278,9775,1,0,1
737981,65535,255,2949,9775,0,0,0
737982,65535,255,5162,9775,0,0,0
737983,65535,255,6518,9775,0,0,0
737984,221,0,5830,9775,1,0,0
737985,420,0,1405,9775,1,0,1
737986,427,0,1958,9775,1,0,1
737987,65535,255,4539,9775,0,0,0
737988,361,0,6129,9775,1,0,1
737989,197,0,6237,9775,1,0,1
737990,801,0,2448,9775,1,0,1
737991,664,0,859,9775,1,0,1
737992,475,0,3805,9775,1,0,1
737993,441,0,5680,9775,1,0,1
737994,65535,255,6590,9775,0,0,0
737995,65535,255,5359,9775,0,0,0
737996,810,0,290,9775,1,0,1
737997,204,0,2941,9775,1,0,1
737998,218,0,5151,9775,1,0,1
737999,65535,255,6512,9775,0,0,0
738000,526,0,5834,9775,1,0,1
738001,381,0,1416,9775,1,0,1
738002,694,0,1947,9775,1,0,1
738003,138,2,4530,9775,1,0,1
738004,251,0,6125,9775,1,0,1
738005,216,0,6241,9775,1,0,1
738006,194,0,2460,9775,1,0,1
738007,117,2,842,9775,1,0,1
738008,704,0,3797,9775,1,0,1
738009,637,0,5675,9775,1,0,1
738010,240,0,6593,9775,1,0,1
738011,464,0,5365,9775,1,0,1
738012,260,0,306,9775,1,0,1
738013,648,0,2932,9775,1,0,1
738014,65535,255,5148,9775,0,0,0
738015,172,0,6508,9775,1,0,1
738016,596,0,5838,9775,1,0,1
738017,419,0,1427,9775,1,0,1
738018,219,0,1934,9775,1,0,1
738019,457,0,4526,9775,1,0,1
738020,65535,255,6119,9775,0,0,0
738021,65535,255,6243,9775,0,0,0
738022,140,0,2467,9775,1,0,1
738023,261,0,835,9775,1,0,1
738024,290,0,3790,9775,1,0,1
738025,65535,255,5671,9775,0,0,0
738026,580,2,6593,9775,1,0,1
738027,223,0,5367,9775,1,0,1
738028,355,0,312,9775,1,0,1
738029,160,0,2922,9775,1,0,1
738030,293,0,5143,9775,1,0,1
738031,65535,255,6507,9775,0,0,1
738032,209,2,5840,9775,1,0,0
738033,577,0,1432,9775,1,0,1
738034,232,0,1932,9775,1,0,1
738035,884,1,4523,9775,1,0,1
738036,198,0,6116,9775,1,0,1
738037,65535,255,6245,9775,0,0,0
738038,194,0,2472,9775,1,0,1
738039,300,0,831,9775,1,0,1
738040,65535,255,3785,9775,0,0,0
738041,177,0,5666,9775,1,0,1
738042,65535,255,6595,9775,0,0,1
738043,245,0,5370,9775,1,0,1
738044,240,0,318,9775,1,0,1
738045,245,0,2923,9775,1,0,0
738046,295,0,5140,9775,1,0,1
738047,199,0,6503,9775,1,0,1
738048,553,0,5839,9775,1,0,1
738049,427,0,1433,9775,1,0,1
738050,164,0,1926,9775,1,0,1
738051,549,0,4523,9775,1,0,1
738052,191,0,6116,9775,1,0,1
738053,452,0,6244,9775,1,0,1
738054,687,0,2467,9775,1,0,1
738055,225,0,836,9775,1,0,1
738056,274,0,3786,9775,1,0,1
738057,311,0,5669,9775,1,0,1
738058,572,2,6594,9775,1,0,1
738059,435,2,5375,9775,1,0,1
738060,666,0,326,9775,1,0,1
738061,127,0,2909,9775,1,0,1
738062,387,0,5134,9775,1,0,1
738063,515,0,6501,9775,1,0,1
738064,620,0,5845,9775,1,0,1
738065,384,0,1449,9775,1,0,1
738066,375,0,1915,9775,1,0,1
738067,471,0,4510,9775,1,0,1
738068,330,0,6110,9775,1,0,1
738069,486,0,6251,9775,1,0,1
738070,423,0,2487,9775,1,0,1
738071,186,0,813,9775,1,0,1
738072,737,0,3774,9775,1,0,1
738073,339,0,5659,9775,1,0,1
738074,65535,255,6601,9775,0,0,0
738075,354,0,5378,9775,1,0,1
738076,65535,255,335,9775,0,0,0
738077,582,0,2907,9775,1,0,1
738078,283,0,5132,9775,1,0,1
738079,275,0,6498,9775,1,0,1
738080,616,0,5849,9775,1,0,1
738081,172,0,1457,9775,1,0,1
738082,368,0,1915,9775,1,0,1
738083,65535,255,4506,9775,0,0,1
738084,235,0,6109,9775,1,0,1
738085,452,0,6253,9775,1,0,1
738086,405,0,2488,9775,1,0,1
738087,65535,255,812,9775,0,0,0
738088,250,0,3773,9775,1,0,1
738089,208,0,5660,9775,1,0,1
738090,661,0,6602,9775,1,0,1
738091,342,0,5379,9775,1,0,1
738092,305,0,337,9775,1,0,1
738093,65535,255,2908,9775,0,0,0
738094,206,0,5133,9775,1,0,0
738095,65535,255,6501,9775,0,0,0
738096,323,0,5848,9775,1,0,0
738097,168,0,1456,9775,1,0,1
738098,65535,255,1914,9775,0,0,0
738099,277,0,4512,9775,1,0,1
738100,218,0,6112,9775,1,0,1
738101,313,0,6252,9775,1,0,1
738102,298,0,2483,9775,1,0,1
738103,177,0,818,9775,1,0,1
738104,288,0,3777,9775,1,0,1
738105,375,0,5665,9775,1,0,1
738106,664,0,6599,9775,1,0,1
738107,749,0,5374,9775,1,0,1
738108,244,0,324,9775,1,0,1
738109,184,0,2917,9775,1,0,1
738110,198,0,5139,9775,1,0,1
738111,249,0,6505,9775,1,0,1
738112,65535,255,5843,9775,0,0,0
738113,567,0,1439,9775,1,0,1
738114,226,0,1925,9775,1,0,1
738115,627,0,4522,9775,1,0,1
738116,317,0,6118,9775,1,0,1
738117,388,0,6247,9775,1,0,1
738118,65535,255,2468,9775,0,0,0
738119,271,0,835,9775,1,0,0
738120,409,0,3793,9775,1,0,1
738121,65535,255,5673,9775,0,0,0
738122,390,0,6596,9775,1,0,1
738123,370,0,5368,9775,1,0,1
738124,265,0,302,9775,1,0,1
738125,269,0,2932,9775,1,0,1
738126,246,0,5150,9775,1,0,1
738127,218,0,6512,9775,1,0,1
738128,346,0,5836,9775,1,0,1
738129,154,0,1422,9775,1,0,1
738130,441,0,1953,9775,1,0,1
738131,651,0,4536,9775,1,0,1
738132,413,0,6129,9775,1,0,1
738133,65535,255,6237,9775,0,0,1
738134,339,0,2448,9775,1,0,1
738135,453,0,864,9775,1,0,1
738136,65535,255,3804,9775,0,0,0
738137,65535,255,5682,9775,0,0,0
738138,65535,255,6589,9775,0,0,0
738139,65535,255,5360,9775,0,0,0
738140,65535,255,296,9775,0,0,0
738141,332,0,2940,9775,1,0,1
738142,271,0,5153,9775,1,0,1
738143,389,0,6512,9775,1,0,1
738144,400,0,5837,9775,1,0,1
738145,249,0,1423,9775,1,0,1
738146,0,0,0,0,0,0,0
738147,135,0,4529,9775,1,0,1
738148,452,0,6122,9775,1,0,1
738149,295,2,6244,9775,1,0,0
738150,183,0,2463,9775,1,0,1
738151,390,0,841,9775,1,0,1
738152,228,0,3793,9775,1,0,1
738153,209,0,5670,9775,1,0,1
738154,296,0,6595,9775,1,0,1
738155,233,0,5368,9775,1,0,1
738156,869,1,315,-8669,1,0,0
738157,65535,255,2927,-8669,0,0,0
738158,65535,255,5142,-8669,0,0,1
738159,65535,255,6505,-8669,0,0,0
738160,65535,255,5842,-8669,0,0,0
738161,619,0,1439,-8669,1,0,0
738162,65535,255,1925,-8669,0,0,0
738163,65535,255,4515,-8669,0,0,0
738164,65535,255,6115,-8669,0,0,0
738165,65535,255,6246,-8669,0,0,0
738166,332,0,2475,-8669,1,0,1
738167,117,0,824,-8669,1,0,1
738168,65535,255,3777,-8669,0,0,0
738169,612,0,5665,-8669,1,0,1
738170,65535,255,6597,-8669,0,0,0
738171,65535,255,5374,-8669,0,0,0
738172,698,0,323,-8669,1,0,1
738173,134,0,2911,-8669,1,0,1
738174,65535,255,5135,-8669,0,0,0
738175,159,2,6500,-8669,1,0,1
738176,305,0,5846,-8669,1,0,1
738177,410,0,1447,-8669,1,0,1
738178,245,0,1913,-8669,1,0,1
738179,246,0,4511,-8669,1,0,1
738180,267,0,6111,-8669,1,0,1
738181,765,1,6248,-8669,1,0,1
738182,228,0,2484,-8669,1,0,1
738183,366,0,816,-8669,1,0,1
738184,65535,255,3771,-8669,0,0,0
738185,203,0,5659,-8669,1,0,1
738186,65535,255,6600,-8669,0,0,0
738187,290,0,5376,-8669,1,0,1
738188,651,2,332,-8669,1,0,1
738189,139,0,2907,-8669,1,0,1
738190,191,0,5129,-8669,1,0,1
738191,214,0,6498,-8669,1,0,1
738192,299,0,5848,-8669,1,0,1
738193,260,0,1452,-8669,1,0,1
738194,143,0,1907,-8669,1,0,1
738195,65535,255,4508,-8669,0,0,0
738196,301,2,6111,-8669,1,0,1
738197,65535,255,6250,-8669,0,0,0
738198,688,0,2484,-8669,1,0,1
738199,241,0,812,-8669,1,0,1
738200,536,0,3771,-8669,1,0,1
738201,536,0,5661,-8669,1,0,1
738202,869,0,6599,-8669,1,0,1
738203,155,0,5378,-8669,1,0,1
738204,196,2,332,-8669,1,0,0
738205,65535,255,2906,-8669,0,0,0
738206,400,0,5132,-8669,1,0,1
738207,227,0,6498,-8669,1,0,1
738208,65535,255,5847,-8669,0,0,0
738209,729,0,1452,-8669,1,0,1
738210,298,0,1912,-8669,1,0,1
738211,171,0,4511,-8669,1,0,1
738212,368,0,6112,-8669,1,0,1
738213,309,0,6251,-8669,1,0,1
738214,359,0,2484,-8669,1,0,1
738215,181,0,817,-8669,1,0,1
738216,578,0,3775,-8669,1,0,1
738217,349,0,5663,-8669,1,0,1
738218,65535,255,6600,-8669,0,0,0
738219,638,0,5375,-8669,1,0,1
738220,466,0,325,-8669,1,0,1
738221,297,0,2911,-8669,1,0,1
738222,164,0,5134,-8669,1,0,1
738223,272,0,6503,-8669,1,0,1
738224,65535,255,5845,-8669,0,0,0
738225,65535,255,1446,-8669,0,0,0
738226,242,0,1924,-8669,1,0,1
738227,65535,255,4517,-8669,0,0,0
738228,352,0,6116,-8669,1,0,1
738229,276,0,6249,-8669,1,0,1
738230,334,0,2474,-8669,1,0,1
738231,179,0,828,-8669,1,0,1
738232,195,0,3783,-8669,1,0,1
738233,655,0,5670,-8669,1,0,1
738234,546,0,6596,-8669,1,0,1
738235,65535,255,5372,-8669,0,0,0
738236,65535,255,314,-8669,0,0,0
738237,65535,255,2925,-8669,0,0,0
738238,188,0,5143,-8669,1,0,1
738239,269,0,6507,-8669,1,0,1
738240,65535,255,5842,-8669,0,0,0
738241,789,0,1429,-8669,1,0,1
738242,773,0,1940,-8669,1,0,1
738243,181,0,4526,-8669,1,0,1
738244,193,0,6123,-8669,1,0,1
738245,65535,255,6243,-8669,0,0,0
738246,65535,255,2459,-8669,0,0,0
738247,670,0,851,-8669,1,0,1
738248,279,0,3799,-8669,1,0,1
738249,284,0,5676,-8669,1,0,1
738250,543,0,6592,-8669,1,0,1
738251,521,0,5361,-8669,1,0,1
738252,65535,255,291,-8669,0,0,0
738253,255,0,2940,-8669,1,0,1
738254,643,0,5157,-8669,1,0,1
738255,65535,255,6514,-8669,0,0,0
738256,359,0,5833,-8669,1,0,1
738257,212,0,1412,-8669,1,0,1
738258,275,0,1957,-8669,1,0,1
738259,209,0,4541,-8669,1,0,1
738260,311,0,6131,-8669,1,0,1
738261,407,0,6235,-8669,1,0,1
738262,174,0,2439,-8669,1,0,1
738263,223,0,870,-8669,1,0,1
738264,65535,255,3820,-8669,0,0,0
738265,65535,255,5688,-8669,0,0,0
738266,493,0,6583,-8669,1,0,1
738267,814,0,5348,-8669,1,0,1
738268,881,0,261,-8669,1,0,1
738269,470,0,2964,-8669,1,0,1
738270,276,0,5170,-8669,1,0,1
738271,65535,255,6523,-8669,0,0,0
738272,65535,255,5820,-8669,0,0,0
738273,190,0,1377,-8669,1,0,1
738274,225,0,1990,-8669,1,0,1
738275,506,0,4559,-8669,1,0,1
738276,338,0,6140,-8669,1,0,1
738277,356,0,6226,-8669,1,0,1
738278,726,0,2418,-8669,1,0,1
738279,186,0,888,-8669,1,0,1
738280,329,0,3825,-8669,1,0,1
738281,224,0,5689,-8669,1,0,1
738282,372,0,6581,-8669,1,0,1
738283,237,0,5350,-8669,1,0,1
738284,65535,255,272,-8669,0,0,0
738285,426,0,2960,-8669,1,0,1
738286,338,0,5161,-8669,1,0,1
738287,278,0,6516,-8669,1,0,1
738288,275,0,5827,-8669,1,0,1
738289,65535,255,1400,-8669,0,0,0
738290,222,0,1958,-8669,1,0,1
738291,712,0,4539,-8669,1,0,1
738292,303,0,6129,-8669,1,0,1
738293,559,0,6234,-8669,1,0,1
738294,254,0,2448,-8669,1,0,1
738295,515,0,858,-8669,1,0,1
738296,663,0,3802,-8669,1,0,1
738297,272,0,5676,-8669,1,0,1
738298,491,0,6589,-8669,1,0,1
738299,470,0,5360,-8669,1,0,1
738300,268,0,295,-8669,1,0,1
738301,253,0,2936,-8669,1,0,1
738302,337,0,5148,-8669,1,0,1
738303,152,0,6507,-8669,1,0,1
738304,697,0,5835,-8669,1,0,0
738305,107,2,1428,-8669,1,0,1
738306,608,0,1942,-8669,1,0,1
738307,465,0,4526,-8669,1,0,1
738308,481,0,6119,-8669,1,0,1
738309,65535,255,6243,-8669,0,0,1
738310,65535,255,2468,-8669,0,0,0
738311,65535,255,836,-8669,0,0,0
738312,440,0,3785,-8669,1,0,1
738313,648,0,5668,-8669,1,0,1
738314,220,0,6595,-8669,1,0,1
738315,617,0,5369,-8669,1,0,1
738316,224,0,319,-8669,1,0,1
738317,132,0,2917,-8669,1,0,1
738318,249,0,5136,-8669,1,0,1
738319,350,0,6502,-8669,1,0,1
738320,294,0,5844,-8669,1,0,1
738321,360,0,1445,-8669,1,0,1
738322,209,0,1914,-8669,1,0,1
738323,230,0,4509,-8669,1,0,1
738324,499,0,6111,-8669,1,0,1
738325,463,0,6251,-8669,1,0,1
738326,241,0,2488,-8669,1,0,1
738327,65535,255,806,-8669,0,0,1
738328,510,0,3769,-8669,1,0,1
738329,1127,1,5658,-8669,1,0,1
738330,202,0,6603,-8669,1,0,1
738331,571,0,5382,-8669,1,0,1
738332,300,0,347,-8669,1,0,1
738333,114,0,2894,-8669,1,0,1
738334,308,0,5122,-8669,1,0,1
738335,306,0,6492,-8669,1,0,1
738336,65535,255,5855,-8669,0,0,0
738337,562,0,1473,-8669,1,0,1
738338,1182,1,1892,-8669,1,0,1
738339,694,0,4495,-8669,1,0,1
738340,358,0,6100,-8669,1,0,1
738341,203,0,6260,-8669,1,0,1
738342,459,0,2512,-8669,1,0,1
738343,354,0,783,-8669,1,0,1
738344,281,0,3749,-8669,1,0,1
738345,324,0,5645,-8669,1,0,1
738346,408,0,6611,-8669,1,0,1
738347,65535,255,5393,-8669,0,0,0
738348,161,2,371,-8669,1,0,0
738349,244,0,2875,-8669,1,0,1
738350,258,0,5110,-8669,1,0,1
738351,547,0,6486,-8669,1,0,1
738352,863,0,5864,-8669,1,0,1
738353,217,0,1499,-8669,1,0,1
738354,206,0,1865,-8669,1,0,1
738355,65535,255,4479,-8669,0,0,0
738356,282,0,6094,-8669,1,0,1
738357,730,0,6267,-8669,1,0,1
738358,182,0,2534,-8669,1,0,1
738359,250,0,760,-8669,1,0,1
738360,523,0,3737,-8669,1,0,1
738361,252,0,5637,-8669,1,0,1
738362,65535,255,6616,-8669,0,0,0
738363,287,0,5406,-8669,1,0,1
738364,667,0,394,-8669,1,0,1
738365,65535,255,2856,-8669,0,0,0
738366,280,0,5103,-8669,1,0,1
738367,535,0,6481,-8669,1,0,1
738368,387,0,5873,-8669,1,0,1
738369,162,0,1516,-8669,1,0,1
738370,160,0,1848,-8669,1,0,1
738371,0,0,0,0,0,0,0
738372,0,0,0,0,0,0,0
738373,171,0,6275,-7262,1,0,1
738374,496,0,2546,-7262,1,0,1
738375,254,0,743,-7262,1,0,1
738376,398,0,3725,9686,1,0,1
738377,248,0,5630,9467,1,0,1
738378,65535,255,6622,9467,0,0,0
738379,461,0,5411,9467,1,0,1
738380,204,0,406,9467,1,0,1
738381,237,0,2847,9467,1,0,1
738382,341,0,5094,9467,1,0,1
738383,437,0,6475,9467,1,0,1
738384,336,0,5880,9467,1,0,1
738385,197,0,1532,9467,1,0,1
738386,65535,255,1838,9467,0,0,1
738387,65535,255,4462,9467,0,0,0
738388,250,0,6080,9467,1,0,1
738389,475,0,6278,9467,1,0,1
738390,651,0,2556,9467,1,0,1
738391,357,0,731,9467,1,0,1
738392,65535,255,3718,9467,0,0,0
738393,201,0,5625,9467,1,0,1
738394,65535,255,6625,9467,0,0,1
738395,65535,255,5416,9467,0,0,0
738396,558,0,417,9467,1,0,1
738397,440,0,2838,9761,1,0,1
738398,549,0,5089,9590,1,0,1
738399,286,0,6471,9349,1,0,1
738400,260,0,5882,-7342,1,0,1
738401,65535,255,1538,-7754,0,0,1
738402,783,0,1832,9919,1,0,1
738403,220,0,4455,9662,1,0,1
738404,358,0,6079,9395,1,0,1
738405,263,0,6281,-7272,1,0,1
738406,307,0,2560,-7743,1,0,1
738407,278,0,726,9772,1,0,1
738408,652,0,3709,9760,1,0,1
738409,207,0,5620,9514,1,0,0
738410,440,0,6626,-7185,1,0,1
738411,397,0,5416,-7427,1,0,1
738412,419,0,423,-7527,1,0,1
738413,258,0,2833,9750,1,0,1
738414,460,0,5086,9591,1,0,1
738415,459,0,6470,9324,1,0,1
738416,357,0,5882,-7350,1,0,1
738417,197,0,1538,-7817,1,0,1
738418,194,0,1827,9992,1,0,1
738419,192,0,4455,9610,1,0,1
738420,318,0,6077,9419,1,0,1
738421,334,0,6281,-7297,1,0,1
738422,606,0,2561,-7855,1,0,1
738423,1184,1,726,10229,1,0,1
738424,324,0,3709,9720,1,0,1
738425,421,0,5621,9500,1,0,1
738426,313,0,6626,-7200,1,0,1
738427,1147,1,5416,-7473,1,0,1
738428,558,0,418,-7446,1,0,1
738429,340,0,2838,9751,1,0,1
738430,382,0,5086,9601,1,0,1
738431,255,0,6472,9310,1,0,1
738432,343,0,5880,-7358,1,0,1
738433,476,0,1532,-7923,1,0,1
738434,65535,255,1833,9830,0,0,0
738435,409,0,4459,9643,1,0,1
738436,302,0,6080,9392,1,0,1
738437,65535,255,6277,-7268,0,0,1
738438,225,0,2555,-7793,1,0,1
738439,199,0,731,10046,1,0,1
738440,65535,255,3718,9703,0,0,0
738441,646,0,5626,9495,1,0,1
738442,537,0,6622,-7197,1,0,1
738443,788,0,5411,-7473,1,0,1
738444,65535,255,417,-8319,0,0,0
738445,372,0,2838,9751,1,0,1
738446,467,0,5087,9545,1,0,1
738447,288,0,6468,9344,1,0,1
738448,692,0,5880,-7337,1,0,1
738449,399,0,1549,-7985,1,0,1
738450,171,0,1816,9940,1,0,1
738451,47,2,4448,9620,1,0,1
738452,65535,255,6070,9394,0,0,1
738453,650,0,6285,-7270,1,0,1
738454,186,0,2581,-7717,1,0,1
738455,224,0,696,10008,1,0,1
738456,451,0,3689,9732,1,0,0
738457,200,0,5607,9476,1,0,1
738458,271,0,6635,-7170,1,0,1
738459,65535,255,5433,-7459,0,0,0
738460,65535,255,463,-8137,0,0,0
738461,65535,255,2800,9755,0,0,0
738462,634,0,5065,9548,1,0,1
738463,520,0,6455,9351,1,0,1
738464,323,0,5899,-7342,1,0,1
738465,134,0,1588,-7754,1,0,1
738466,303,2,1782,9779,1,0,1
738467,65535,255,4421,9667,0,0,0
738468,649,2,6056,9433,1,0,0
738469,65535,255,6298,-7248,0,0,0
738470,676,0,2611,-7691,1,0,1
738471,326,0,661,9911,1,0,1
738472,377,0,3661,9734,1,0,0
738473,162,0,5591,9466,1,0,1
738474,437,2,6646,-7174,1,0,1
738475,568,0,5449,-7474,1,0,1
738476,132,2,500,-7458,1,0,1
738477,470,0,2771,9826,1,0,1
738478,258,0,5042,9563,1,0,1
738479,65535,255,6444,9356,0,0,0
738480,404,0,5914,-7352,1,0,1
738481,173,0,1616,-7748,1,0,1
738482,186,0,1754,9813,1,0,1
738483,260,0,4410,9607,1,0,1
738484,179,0,6050,9410,1,0,0
738485,65535,255,6307,-7291,0,0,0
738486,729,0,2621,-7291,1,0,1
738487,260,0,656,9656,1,0,1
738488,260,0,3660,9722,1,0,1
738489,357,0,5593,9483,1,0,1
738490,399,0,6647,-7191,1,0,1
738491,65535,255,5446,-7446,0,0,0
738492,778,0,481,-7721,1,0,1
738493,65535,255,2785,9742,0,0,0
738494,65535,255,5059,9577,0,0,0
738495,483,2,6455,9336,1,0,1
738496,366,0,5903,-7338,1,0,1
738497,283,0,1588,-7943,1,0,1
738498,65535,255,1787,9775,0,0,0
738499,289,0,4431,9605,1,0,1
738500,65535,255,6064,9415,0,0,1
738501,550,2,6297,-7296,1,0,1
738502,65535,255,2596,-7794,0,0,0
738503,144,0,690,9863,1,0,1
738504,189,0,3685,9768,1,0,1
738505,311,0,5609,9513,1,0,0
738506,498,0,6636,-7164,1,0,1
738507,65535,255,5432,-7459,0,0,0
738508,65535,255,448,-8446,0,0,0
738509,65535,255,2818,9873,0,0,0
738510,199,0,5079,9559,1,0,1
738511,256,0,6467,9328,1,0,1
738512,348,0,5890,-7381,1,0,1
738513,65535,255,1550,-7947,0,0,0
738514,65535,255,1826,9793,0,0,0
738515,463,0,4457,9616,1,0,1
738516,65535,255,6080,9425,0,0,0
738517,65535,255,6282,-7249,0,0,0
738518,248,0,2557,-7859,1,0,1
738519,170,0,731,10227,1,0,1
738520,65535,255,3720,9709,0,0,0
738521,252,2,5629,9488,1,0,0
